tissue,dataset,crop,prep,status,voxel_size_nm,total_ecs_voxels,full_median_nm,full_mean_nm,narrow_voxels,narrow_fraction,narrow_p10_nm,narrow_p25_nm,narrow_median_nm,narrow_mean_nm,narrow_p75_nm,narrow_p90_nm,narrow_std_nm,frac_below_10nm,frac_below_20nm,frac_below_30nm,frac_below_50nm,frac_below_75nm,frac_below_100nm
Kidney,jrc_mus-kidney,crop1026,Chemical,OK,"[4.0, 4.0, 4.0]",35552324,26.83,36.87,35533966,0.9995,5.66,12.65,26.83,36.78,51.22,81.88,31.64,0.1948,0.3742,0.5415,0.7413,0.8762,0.9443
Kidney,jrc_mus-kidney,crop1027,Chemical,OK,"[4.0, 4.0, 4.0]",41539024,32.5,51.28,40708362,0.98,5.66,13.27,31.5,47.59,69.05,116.21,44.49,0.1919,0.3532,0.4856,0.6461,0.775,0.8595
Kidney,jrc_mus-kidney,crop1028,Chemical,OK,"[4.0, 4.0, 4.0]",14332063,80.1,106.51,11840426,0.8261,5.66,14.42,53.81,70.04,119.2,163.66,59.8,0.1907,0.3118,0.3872,0.483,0.5857,0.68
Kidney,jrc_mus-kidney,crop1029,Chemical,OK,"[4.0, 4.0, 4.0]",26840290,208.31,251.05,13071529,0.487,5.66,16.0,58.92,73.61,124.71,168.95,61.1,0.1755,0.2899,0.3652,0.4619,0.566,0.6606
Kidney,jrc_mus-kidney,crop1030,Chemical,OK,"[4.0, 4.0, 4.0]",10957994,6.93,9.64,10957994,1.0,4.0,4.0,6.93,9.64,12.0,20.0,6.98,0.6798,0.8942,0.9828,0.9994,1.0,1.0
Kidney,jrc_mus-kidney,crop1031,Chemical,OK,"[4.0, 4.0, 4.0]",3612809,8.0,10.69,3612809,1.0,4.0,4.0,8.0,10.69,14.97,21.54,7.0,0.5906,0.8554,0.989,1.0,1.0,1.0
Kidney,jrc_mus-kidney,crop1032,Chemical,OK,"[4.0, 4.0, 4.0]",12761063,16.49,23.41,12761063,1.0,4.0,5.66,16.49,23.41,33.94,54.41,21.26,0.3729,0.5581,0.7083,0.8751,0.9705,0.9934
Kidney,jrc_mus-kidney-4,crop1134,Rapid HPF,OK,"[8.0, 8.0, 8.0]",15864004,89.44,236.77,10393650,0.6552,11.31,25.3,51.22,62.58,87.64,131.21,45.75,0.066,0.1933,0.3012,0.4827,0.673,0.8104
Kidney,jrc_mus-kidney-4,crop1136,Rapid HPF,OK,"[8.0, 8.0, 8.0]",2373161,11.31,15.51,2373161,1.0,8.0,8.0,11.31,15.51,17.89,27.71,9.51,0.3683,0.7994,0.923,0.9892,0.9999,1.0
Kidney,jrc_mus-kidney-4,crop1137,Rapid HPF,OK,"[8.0, 8.0, 8.0]",1325656,11.31,15.31,1325656,1.0,8.0,8.0,11.31,15.31,17.89,29.93,10.47,0.4194,0.7931,0.9104,0.9847,0.9991,1.0
Kidney,jrc_mus-kidney-4,crop1144,Rapid HPF,OK,"[8.0, 8.0, 8.0]",5863208,13.86,16.27,5863208,1.0,8.0,8.0,13.86,16.27,19.6,26.53,10.81,0.3018,0.7977,0.9329,0.9829,0.9942,0.9986
Heart,jrc_mus-heart-6,crop1145,Chemical,OK,"[8.0, 8.0, 8.0]",2515797,110.27,176.2,1619281,0.6436,8.0,17.89,37.52,62.87,101.51,157.58,55.8,0.1056,0.2915,0.4329,0.5729,0.6701,0.748
Heart,jrc_mus-heart-6,crop1146,Chemical,OK,"[8.0, 8.0, 8.0]",2024249,29.93,44.17,2016157,0.996,8.0,16.0,29.93,43.46,61.45,98.95,37.19,0.1332,0.3598,0.5093,0.6797,0.8162,0.9022
Heart,jrc_mus-heart-6,crop1147,Chemical,OK,"[8.0, 8.0, 8.0]",902719,29.93,34.63,902719,1.0,8.0,13.86,29.93,34.63,50.6,68.35,23.55,0.1857,0.3629,0.5076,0.745,0.9335,0.991
Liver,jrc_mus-liver,crop1038,Chemical,OK,"[4.0, 4.0, 4.0]",35129706,48.83,84.39,31160459,0.887,8.0,17.89,40.99,55.57,81.68,128.31,47.03,0.1378,0.2687,0.3964,0.571,0.719,0.8205
Liver,jrc_mus-liver,crop1039,Chemical,OK,"[4.0, 4.0, 4.0]",12295008,51.22,87.52,10555264,0.8585,4.0,9.8,36.0,57.24,93.72,148.43,55.34,0.252,0.3794,0.4651,0.5763,0.6837,0.769
Liver,jrc_mus-liver,crop1040,Chemical,OK,"[4.0, 4.0, 4.0]",14468289,32.74,46.77,14403234,0.9955,4.0,12.0,32.5,46.01,70.99,107.93,41.36,0.2299,0.3682,0.4774,0.627,0.7693,0.8739
Liver,jrc_mus-liver,crop1041,Chemical,OK,"[4.0, 4.0, 4.0]",17191268,30.2,49.28,16553520,0.9629,6.93,14.42,28.57,40.93,54.41,92.26,38.22,0.1806,0.3517,0.5176,0.7205,0.85,0.9155
Liver,jrc_mus-liver,crop1042,Chemical,OK,"[4.0, 4.0, 4.0]",11267857,18.33,29.93,11267857,1.0,5.66,8.94,18.33,29.93,42.71,73.1,28.2,0.2762,0.5181,0.6575,0.7935,0.9063,0.9665
Liver,jrc_mus-liver,crop1043,Chemical,OK,"[4.0, 4.0, 4.0]",17013177,21.91,29.73,17006336,0.9996,5.66,9.8,21.91,29.65,41.38,65.48,25.48,0.2506,0.4524,0.624,0.8175,0.9328,0.981
Liver,jrc_mus-liver,crop1044,Chemical,OK,"[4.0, 4.0, 4.0]",14025534,35.78,45.67,14007136,0.9987,8.0,16.49,35.33,45.45,65.73,99.04,36.63,0.1538,0.2982,0.4392,0.6372,0.8013,0.9024
Liver,jrc_mus-liver-8,crop1123,Rapid HPF,OK,"[8.0, 8.0, 8.0]",202623,11.31,17.23,202623,1.0,8.0,8.0,11.31,17.23,24.0,35.78,11.95,0.4034,0.7172,0.847,0.9815,1.0,1.0
Liver,jrc_mus-liver-8,crop1124,Rapid HPF,OK,"[8.0, 8.0, 8.0]",542839,8.0,11.5,542839,1.0,8.0,8.0,8.0,11.5,11.31,17.89,5.6,0.5398,0.9243,0.9838,0.9999,1.0,1.0
Liver,jrc_mus-liver-8,crop1125,Rapid HPF,OK,"[8.0, 8.0, 8.0]",316251,8.0,14.39,316251,1.0,8.0,8.0,8.0,14.39,16.0,32.0,11.7,0.5605,0.8251,0.8941,0.974,0.9994,1.0
Liver,jrc_mus-liver-8,crop1126,Rapid HPF,OK,"[8.0, 8.0, 8.0]",843338,11.31,17.03,843338,1.0,8.0,8.0,11.31,17.03,16.0,40.0,14.07,0.4765,0.7736,0.841,0.9492,0.9993,1.0
Liver,jrc_mus-liver-8,crop1127,Rapid HPF,OK,"[8.0, 8.0, 8.0]",541640,11.31,16.21,541640,1.0,8.0,8.0,11.31,16.21,17.89,32.0,11.74,0.4023,0.8061,0.8944,0.9706,0.9981,1.0
Liver,jrc_mus-liver-8,crop1071,Rapid HPF,OK,"[8.0, 8.0, 8.0]",7583400,25.3,41.83,7501801,0.9892,8.0,11.31,25.3,39.87,51.22,94.99,38.39,0.1686,0.4158,0.5664,0.7432,0.8518,0.9096
Liver,jrc_mus-liver-8,crop1072,Rapid HPF,OK,"[8.0, 8.0, 8.0]",1054491,24.0,28.74,1054491,1.0,8.0,11.31,24.0,28.74,40.0,58.79,20.54,0.2064,0.4609,0.6303,0.8404,0.9636,0.9963
Liver,jrc_mus-liver-8,crop1073,Rapid HPF,OK,"[8.0, 8.0, 8.0]",3855452,40.0,63.53,3740357,0.9701,8.0,16.0,39.19,58.7,93.3,144.0,52.23,0.145,0.3388,0.4449,0.5703,0.6809,0.773
Liver,jrc_mus-liver-8,crop1074,Rapid HPF,OK,"[8.0, 8.0, 8.0]",2742593,33.94,47.9,2733822,0.9968,8.0,16.0,33.94,47.37,68.35,108.81,40.21,0.1439,0.3367,0.4658,0.6402,0.7818,0.8759
Liver,jrc_mus-liver-8,crop1075,Rapid HPF,OK,"[8.0, 8.0, 8.0]",1217817,16.0,19.91,1217817,1.0,8.0,8.0,16.0,19.91,25.3,37.52,12.95,0.2619,0.6392,0.8249,0.964,0.9976,1.0
Cortex,jrc_mus-cortex-2,crop1116,Rapid HPF,OK,"[8.0, 8.0, 8.0]",12784323,11.31,19.87,12784323,1.0,8.0,8.0,11.31,19.87,25.3,43.08,17.45,0.4169,0.6852,0.8138,0.9308,0.9808,0.9953
Cortex,jrc_mus-cortex-2,crop1117,Rapid HPF,NO ECS LABEL,,,,,,,,,,,,,,,,,,,
Cortex,jrc_mus-cortex-3,crop1033,Chemical,OK,"[2.0, 2.0, 2.0]",5986777,2.83,4.55,5986777,1.0,2.0,2.0,2.83,4.55,6.0,9.17,3.42,0.9109,0.997,1.0,1.0,1.0,1.0
Cortex,jrc_mus-cortex-3,crop1034,Chemical,OK,"[2.0, 2.0, 2.0]",5578838,4.47,5.76,5578838,1.0,2.0,2.0,4.47,5.76,7.48,12.0,4.57,0.836,0.9851,0.9987,1.0,1.0,1.0
Cortex,jrc_mus-cortex-3,crop1035,Chemical,OK,"[2.0, 2.0, 2.0]",5316575,4.0,5.75,5316575,1.0,2.0,2.83,4.0,5.75,6.63,12.0,4.86,0.8535,0.9743,0.9965,1.0,1.0,1.0
Cortex,jrc_mus-cortex-3,crop1036,Chemical,OK,"[2.0, 2.0, 2.0]",6830094,6.0,7.37,6830094,1.0,2.0,2.83,6.0,7.37,10.2,14.42,5.02,0.7296,0.9761,0.9996,1.0,1.0,1.0
Cortex,jrc_mus-cortex-3,crop1037,Chemical,OK,"[2.0, 2.0, 2.0]",64698755,92.0,117.36,51435441,0.795,6.32,18.33,62.51,72.96,120.0,161.21,58.29,0.1454,0.2668,0.3556,0.4457,0.5544,0.6643
Cortex,jrc_mus-cortex-3,crop1045,Chemical,OK,"[2.0, 2.0, 2.0]",13863020,9.17,30.51,13856421,0.9995,2.0,4.0,9.17,30.43,37.36,103.09,43.49,0.5142,0.6869,0.7278,0.7832,0.8435,0.8942
Cortex,jrc_mus-cortex-3,crop1046,Chemical,OK,"[2.0, 2.0, 2.0]",13283138,8.25,14.46,13280693,0.9998,2.0,4.0,8.25,14.43,14.56,25.38,22.48,0.5816,0.8518,0.9182,0.9449,0.9647,0.9789
Cortex,jrc_mus-cortex-4,crop1139,Rapid HPF,OK,"[8.0, 8.0, 8.0]",18642220,240.0,254.58,8078349,0.4333,11.31,24.0,68.35,81.13,133.87,173.25,60.3,0.0979,0.2157,0.2956,0.4152,0.5271,0.6246
Cortex,jrc_mus-cortex-4,crop1141,Rapid HPF,OK,"[8.0, 8.0, 8.0]",2348394,11.31,13.99,2348394,1.0,8.0,8.0,11.31,13.99,17.89,25.3,8.49,0.4454,0.8324,0.9423,0.9951,1.0,1.0
