tissue,dataset,crop,prep,status,voxel_size_nm,total_voronoi_faces,gap_median_nm,gap_mean_nm,gap_p25_nm,gap_p75_nm,gap_min_nm,contact_frac_10nm,contact_frac_20nm,contact_frac_40nm,contact_frac_80nm,contact_frac_160nm,contact_frac_320nm
Kidney,jrc_mus-kidney,crop1026,Chemical,OK,"[4.0, 4.0, 4.0]",1869634,82.15,102.83,49.96,137.62,12.0,0.0,0.0692,0.1701,0.4877,0.8093,0.9875
Kidney,jrc_mus-kidney,crop1027,Chemical,OK,"[4.0, 4.0, 4.0]",1647580,82.99,114.89,47.02,153.54,12.0,0.0,0.0656,0.1967,0.4831,0.764,0.9472
Kidney,jrc_mus-kidney,crop1028,Chemical,OK,"[4.0, 4.0, 4.0]",1329765,45.94,145.63,27.31,217.09,12.0,0.0,0.1475,0.4397,0.6189,0.7062,0.8201
Kidney,jrc_mus-kidney,crop1029,Chemical,OK,"[4.0, 4.0, 4.0]",1766998,80.31,278.32,31.69,421.22,12.0,0.0,0.1145,0.3372,0.4994,0.5882,0.698
Kidney,jrc_mus-kidney,crop1030,Chemical,OK,"[4.0, 4.0, 4.0]",1729741,15.31,18.84,12.0,20.0,12.0,0.0,0.7428,0.9477,0.9961,1.0,1.0
Kidney,jrc_mus-kidney,crop1031,Chemical,OK,"[4.0, 4.0, 4.0]",588685,20.94,22.94,12.0,28.58,12.0,0.0,0.415,0.9173,1.0,1.0,1.0
Kidney,jrc_mus-kidney,crop1032,Chemical,OK,"[4.0, 4.0, 4.0]",1545870,15.31,24.11,13.66,24.94,12.0,0.0,0.6923,0.8617,0.9736,0.9986,1.0
Kidney,jrc_mus-kidney-4,crop1134,Rapid HPF,OK,"[8.0, 8.0, 8.0]",682553,159.37,179.57,94.16,208.48,24.0,0.0,0.0,0.0133,0.1895,0.5025,0.958
Kidney,jrc_mus-kidney-4,crop1136,Rapid HPF,OK,"[8.0, 8.0, 8.0]",654899,41.45,46.74,32.0,54.63,24.0,0.0,0.0,0.4539,0.9169,0.9997,1.0
Kidney,jrc_mus-kidney-4,crop1137,Rapid HPF,OK,"[8.0, 8.0, 8.0]",533924,30.63,40.57,27.31,45.48,24.0,0.0,0.0,0.6854,0.9296,0.9986,1.0
Kidney,jrc_mus-kidney-4,crop1144,Rapid HPF,OK,"[8.0, 8.0, 8.0]",1319374,45.48,48.48,41.45,50.22,24.0,0.0,0.0,0.2082,0.9623,0.9935,1.0
Heart,jrc_mus-heart-6,crop1145,Chemical,OK,"[8.0, 8.0, 8.0]",105677,76.81,84.45,66.28,91.08,37.2,0.0,0.0,0.0002,0.561,0.9651,1.0
Heart,jrc_mus-heart-6,crop1146,Chemical,OK,"[8.0, 8.0, 8.0]",243838,82.18,115.39,57.16,152.0,24.0,0.0,0.0,0.0816,0.485,0.7676,0.9704
Heart,jrc_mus-heart-6,crop1147,Chemical,OK,"[8.0, 8.0, 8.0]",155312,64.47,80.37,24.0,131.93,24.0,0.0,0.0,0.4847,0.5264,0.874,1.0
Liver,jrc_mus-liver,crop1038,Chemical,OK,"[4.0, 4.0, 4.0]",1072943,84.19,130.51,48.52,159.13,12.0,0.0,0.024,0.1791,0.4755,0.7517,0.9296
Liver,jrc_mus-liver,crop1039,Chemical,OK,"[4.0, 4.0, 4.0]",941381,35.86,124.18,17.66,153.66,12.0,0.0,0.2936,0.5315,0.6585,0.7565,0.8669
Liver,jrc_mus-liver,crop1040,Chemical,OK,"[4.0, 4.0, 4.0]",891552,39.3,82.91,16.59,126.63,12.0,0.0,0.2968,0.5048,0.6641,0.802,0.9819
Liver,jrc_mus-liver,crop1041,Chemical,OK,"[4.0, 4.0, 4.0]",765727,78.83,95.77,50.64,122.52,12.0,0.0,0.0448,0.1607,0.509,0.8549,0.9899
Liver,jrc_mus-liver,crop1042,Chemical,OK,"[4.0, 4.0, 4.0]",766498,52.66,86.7,38.38,126.49,12.0,0.0,0.0238,0.2817,0.6232,0.8338,0.9993
Liver,jrc_mus-liver,crop1043,Chemical,OK,"[4.0, 4.0, 4.0]",1578653,53.96,69.5,28.58,93.79,12.0,0.0,0.1617,0.3702,0.681,0.9198,0.9978
Liver,jrc_mus-liver,crop1044,Chemical,OK,"[4.0, 4.0, 4.0]",515879,110.86,132.58,58.46,193.74,12.0,0.0,0.0277,0.1431,0.368,0.6579,0.968
Liver,jrc_mus-liver-8,crop1123,Rapid HPF,OK,"[8.0, 8.0, 8.0]",65808,27.31,42.34,27.31,48.52,24.0,0.0,0.0,0.6815,0.8754,1.0,1.0
Liver,jrc_mus-liver-8,crop1124,Rapid HPF,OK,"[8.0, 8.0, 8.0]",241449,30.63,34.19,27.31,35.31,24.0,0.0,0.0,0.8325,0.9903,1.0,1.0
Liver,jrc_mus-liver-8,crop1125,Rapid HPF,OK,"[8.0, 8.0, 8.0]",147437,27.31,34.35,27.31,30.63,24.0,0.0,0.0,0.8601,0.9436,0.9991,1.0
Liver,jrc_mus-liver-8,crop1126,Rapid HPF,OK,"[8.0, 8.0, 8.0]",258280,32.0,39.53,27.31,35.31,27.31,0.0,0.0,0.8631,0.9179,0.9988,1.0
Liver,jrc_mus-liver-8,crop1127,Rapid HPF,OK,"[8.0, 8.0, 8.0]",157903,40.0,44.9,32.0,45.48,24.0,0.0,0.0,0.4128,0.9262,0.9964,1.0
Liver,jrc_mus-liver-8,crop1071,Rapid HPF,OK,"[8.0, 8.0, 8.0]",1140823,65.69,94.23,37.2,112.66,24.0,0.0,0.0,0.2826,0.5962,0.8597,0.9608
Liver,jrc_mus-liver-8,crop1072,Rapid HPF,OK,"[8.0, 8.0, 8.0]",165479,50.22,67.89,24.0,101.13,24.0,0.0,0.0,0.4457,0.6568,0.9352,1.0
Liver,jrc_mus-liver-8,crop1073,Rapid HPF,OK,"[8.0, 8.0, 8.0]",455007,57.3,116.82,33.17,140.85,24.0,0.0,0.0,0.3404,0.6373,0.7686,0.882
Liver,jrc_mus-liver-8,crop1074,Rapid HPF,OK,"[8.0, 8.0, 8.0]",335658,77.65,110.92,37.86,153.67,24.0,0.0,0.0,0.2674,0.5094,0.762,0.9567
Liver,jrc_mus-liver-8,crop1075,Rapid HPF,OK,"[8.0, 8.0, 8.0]",277542,50.22,57.93,35.31,73.71,24.0,0.0,0.0,0.3608,0.8045,0.9941,1.0
Cortex,jrc_mus-cortex-2,crop1116,Rapid HPF,OK,"[8.0, 8.0, 8.0]",5437062,27.31,43.55,24.0,50.22,24.0,0.0,0.0,0.6724,0.8823,0.9841,0.9999
Cortex,jrc_mus-cortex-2,crop1117,Rapid HPF,MISSING LABELS,,,,,,,,,,,,,
Cortex,jrc_mus-cortex-3,crop1033,Chemical,OK,"[2.0, 2.0, 2.0]",2340355,6.83,10.74,6.0,13.31,6.0,0.6605,0.8832,0.9942,1.0,1.0,1.0
Cortex,jrc_mus-cortex-3,crop1034,Chemical,OK,"[2.0, 2.0, 2.0]",1643233,9.94,13.61,6.0,17.73,6.0,0.5117,0.7948,0.9744,1.0,1.0,1.0
Cortex,jrc_mus-cortex-3,crop1035,Chemical,OK,"[2.0, 2.0, 2.0]",1147732,12.13,16.1,10.47,16.69,8.93,0.1044,0.8119,0.9647,0.9996,1.0,1.0
Cortex,jrc_mus-cortex-3,crop1036,Chemical,OK,"[2.0, 2.0, 2.0]",1146508,20.0,21.53,12.13,28.68,6.0,0.2004,0.4997,0.9214,1.0,1.0,1.0
Cortex,jrc_mus-cortex-3,crop1037,Chemical,OK,"[2.0, 2.0, 2.0]",1539795,57.35,158.3,26.47,260.19,6.83,0.0129,0.1768,0.342,0.6658,0.6916,0.7934
Cortex,jrc_mus-cortex-3,crop1045,Chemical,OK,"[2.0, 2.0, 2.0]",1969970,12.56,16.44,6.0,23.16,6.0,0.4145,0.6937,0.9602,0.9998,1.0,1.0
Cortex,jrc_mus-cortex-3,crop1046,Chemical,OK,"[2.0, 2.0, 2.0]",1651105,22.97,25.21,12.0,33.75,6.83,0.1786,0.4199,0.8356,0.9984,1.0,1.0
Cortex,jrc_mus-cortex-4,crop1139,Rapid HPF,OK,"[8.0, 8.0, 8.0]",1032557,99.74,381.65,37.86,772.06,24.0,0.0,0.0,0.26,0.4529,0.5862,0.635
Cortex,jrc_mus-cortex-4,crop1141,Rapid HPF,OK,"[8.0, 8.0, 8.0]",1058461,30.63,39.1,27.31,45.48,24.0,0.0,0.0,0.6817,0.9555,0.9999,1.0
