crop,tissue,prep,region_group,voxel_nm,n_ecs_voxels,n_narrow_voxels,narrow_fraction,full_percentiles_nm_p10,full_percentiles_nm_p25,full_percentiles_nm_p50,full_percentiles_nm_p75,full_percentiles_nm_p90,narrow_percentiles_nm_p10,narrow_percentiles_nm_p25,narrow_percentiles_nm_p50,narrow_percentiles_nm_p75,narrow_percentiles_nm_p90,narrow_mean_nm,narrow_std_nm,native_voxel_nm,analysis_voxel_nm
crop1145,Heart,Chemical,Cardiac interstitial,16.0,314853,200751,0.6376023096492649,16.0,32.0,114.2628548566856,286.66356587470267,453.3960740897521,16.0,22.627416997969522,39.191835884530846,102.44998779892558,158.39191898578665,65.8985230973016,54.42307000764424,8.0,16.0
crop1147,Heart,Chemical,Intercalated disc,16.0,112083,112083,1.0,16.0,16.0,35.77708763999664,53.0659966456864,69.74238309665078,16.0,16.0,35.77708763999664,53.0659966456864,69.74238309665078,38.489206342116724,22.30897428769633,8.0,16.0
crop1146,Heart,Chemical,Cardiac interstitial,16.0,251457,250398,0.9957885443634498,16.0,16.0,35.77708763999664,65.96969000988257,102.44998779892558,16.0,16.0,35.77708763999664,65.96969000988257,102.44998779892558,47.0282732102289,35.99801131322446,8.0,16.0
crop1028,Kidney,Chemical,PCT brush border,16.0,223664,183485,0.8203600042921525,16.0,22.627416997969522,81.58431221748455,170.0823330037544,256.4995126701024,16.0,16.0,57.688820407423826,120.797350964332,163.95121225535357,74.01542689561919,57.289333166212224,4.0,16.0
crop1044,Liver,Chemical,Hepatocyte lateral,16.0,217934,217561,0.9982884726568594,16.0,22.627416997969522,39.191835884530846,67.88225099390856,102.44998779892558,16.0,22.627416997969522,39.191835884530846,67.88225099390856,102.44998779892558,50.374439308072546,35.19058578766153,4.0,16.0
crop1029,Kidney,Chemical,PCT brush border,16.0,419330,201838,0.4813345098132736,16.0,65.96969000988257,211.0544953323667,391.9183588453085,570.8660087971607,16.0,22.627416997969522,59.86651818838306,125.98412598418898,170.0823330037544,77.38884348110268,58.566674836229026,4.0,16.0
crop1039,Liver,Chemical,Bile canaliculus,16.0,191368,163202,0.8528176079595334,16.0,16.0,57.688820407423826,143.10835055998655,237.8570999570961,16.0,16.0,39.191835884530846,96.0,150.94369811290565,62.34017698811758,52.88117688201306,4.0,16.0
crop1043,Liver,Chemical,Space of Disse,16.0,264194,264005,0.999284616607493,16.0,16.0,27.712812921102035,48.0,67.88225099390856,16.0,16.0,27.712812921102035,48.0,67.88225099390856,35.56362538094744,24.215442836131594,4.0,16.0
crop1041,Liver,Chemical,Space of Disse,16.0,268810,257898,0.9594062720880919,16.0,22.627416997969522,35.77708763999664,65.96969000988257,117.57550765359255,16.0,16.0,35.77708763999664,57.688820407423826,96.0,46.13314223466834,36.79613799950023,4.0,16.0
crop1036,Cortex,Chemical,,16.0,13386,13386,1.0,16.0,16.0,16.0,16.0,22.627416997969522,16.0,16.0,16.0,16.0,22.627416997969522,17.045256756712668,2.816850045798363,2.0,16.0
crop1042,Liver,Chemical,Bile canaliculus,16.0,174158,174158,1.0,16.0,16.0,22.627416997969522,48.0,78.38367176906169,16.0,16.0,22.627416997969522,48.0,78.38367176906169,35.96547030630483,26.83775296968125,4.0,16.0
crop1031,Kidney,Chemical,PCT lateral,16.0,55872,55872,1.0,16.0,16.0,16.0,16.0,27.712812921102035,16.0,16.0,16.0,16.0,27.712812921102035,18.434449161480927,5.11196028448165,4.0,16.0
crop1040,Liver,Chemical,Bile canaliculus,16.0,223045,221977,0.9952117285749512,16.0,16.0,35.77708763999664,75.04665215717488,113.13708498984761,16.0,16.0,35.77708763999664,75.04665215717488,112.0,51.357784961489415,39.34616864854759,4.0,16.0
crop1035,Cortex,Chemical,,16.0,10309,10309,1.0,16.0,16.0,16.0,16.0,16.0,16.0,16.0,16.0,16.0,16.0,16.72956380347341,2.8427701025546885,2.0,16.0
crop1034,Cortex,Chemical,,16.0,10841,10841,1.0,16.0,16.0,16.0,16.0,16.0,16.0,16.0,16.0,16.0,16.0,16.629627714536507,2.3606418492663104,2.0,16.0
crop1038,Liver,Chemical,Space of Disse,16.0,548491,484309,0.8829844063074873,16.0,22.627416997969522,53.0659966456864,112.0,222.8542124349459,16.0,22.627416997969522,45.254833995939045,86.16263691415206,129.98461447417537,60.10884356510532,45.30323228270586,4.0,16.0
crop1032,Kidney,Chemical,PCT base,16.0,302055,301946,0.9996391385674794,16.0,22.627416997969522,45.254833995939045,80.0,112.0,16.0,22.627416997969522,45.254833995939045,80.0,112.0,54.56814966592284,37.36474505618719,4.0,16.0
crop1046,Cortex,Chemical,,16.0,25803,25790,0.9994961826144246,16.0,16.0,16.0,22.627416997969522,35.77708763999664,16.0,16.0,16.0,22.627416997969522,35.77708763999664,23.906083475697354,22.25960690508193,2.0,16.0
crop1030,Kidney,Chemical,DCT base,16.0,243137,243137,1.0,16.0,16.0,27.712812921102035,48.0,59.86651818838306,16.0,16.0,27.712812921102035,48.0,59.86651818838306,34.018601724704304,18.966516829436376,4.0,16.0
crop1037,Cortex,Chemical,,16.0,126823,99918,0.7878539381657901,16.0,32.0,96.0,178.88543819998318,283.5207223467096,16.0,22.627416997969522,65.96969000988257,122.89833196589773,161.59207901379324,77.54757613527217,55.85986677028337,2.0,16.0
crop1045,Cortex,Chemical,,16.0,27538,27487,0.9981480136538601,16.0,16.0,16.0,45.254833995939045,112.0,16.0,16.0,16.0,45.254833995939045,112.0,39.656520781970535,42.129783955503285,2.0,16.0
crop1027,Kidney,Chemical,Glomerular,16.0,751190,736235,0.9800915880136849,16.0,22.627416997969522,45.254833995939045,73.32121111929344,121.85236969382254,16.0,22.627416997969522,45.254833995939045,71.55417527999327,113.13708498984761,54.75118703300783,39.811086147498656,4.0,16.0
crop1026,Kidney,Chemical,Glomerular,16.0,599129,598773,0.999405804092274,16.0,22.627416997969522,35.77708763999664,64.0,91.91300234460846,16.0,22.627416997969522,35.77708763999664,64.0,91.91300234460846,46.27112459914459,31.179931785199102,4.0,16.0
crop1033,Cortex,Chemical,,16.0,11380,11380,1.0,16.0,16.0,16.0,16.0,16.0,16.0,16.0,16.0,16.0,16.0,16.204009794367483,1.2363190776344302,2.0,16.0
crop1145,Heart,Chemical,Cardiac interstitial,8.0,2515797,1619281,0.6436453338643777,11.313708498984761,27.712812921102035,110.27239001672177,281.25433329995116,447.85712007290897,8.0,17.88854381999832,37.52332607858744,101.50862032359616,157.58172482873766,62.866212161271484,55.79834124330523,8.0,8.0
crop1147,Heart,Chemical,Intercalated disc,8.0,902719,902719,1.0,8.0,13.856406460551018,29.93325909419153,50.59644256269407,68.35202996254024,8.0,13.856406460551018,29.93325909419153,50.59644256269407,68.35202996254024,34.62696575345034,23.552015021679544,8.0,8.0
crop1146,Heart,Chemical,Cardiac interstitial,8.0,2024249,2016157,0.9960024680758148,8.0,16.0,29.93325909419153,61.44916598294886,100.55844071981228,8.0,16.0,29.93325909419153,61.44916598294886,98.95453501482385,43.46472824725282,37.18757694201579,8.0,8.0
crop1028,Kidney,Chemical,PCT brush border,4.0,14332063,11840426,0.8261494524549606,6.928203230275509,18.33030277982336,80.09993757800315,166.18062462272792,252.1269521491108,5.656854249492381,14.422205101855956,53.81449618829484,119.19731540601072,163.65818036383027,70.04128003874911,59.80142058546538,4.0,4.0
crop1029,Kidney,Chemical,PCT brush border,4.0,26840290,13071529,0.4870114667166413,12.0,62.0966987850401,208.30746506066458,388.1030790911095,567.6336846946277,5.656854249492381,16.0,58.92367945062494,124.70765814495917,168.949696655543,73.61243517967308,61.10297673616659,4.0,4.0
crop1032,Kidney,Chemical,PCT base,4.0,19408691,19404011,0.9997588709099444,5.656854249492381,14.422205101855956,41.376321731154405,76.4198926981712,107.70329614269008,5.656854249492381,14.422205101855956,41.376321731154405,76.4198926981712,107.70329614269008,49.47666102365639,39.19824387012472,4.0,4.0
crop1039,Liver,Chemical,Bile canaliculus,4.0,12295008,10555264,0.8584999700691532,5.656854249492381,12.649110640673518,51.22499389946279,137.34627770711518,233.16946626863475,4.0,9.797958971132712,36.0,93.72299611087985,148.43180252223578,57.242345708550694,55.33933575636799,4.0,4.0
crop1040,Liver,Chemical,Bile canaliculus,4.0,14468289,14403234,0.9955036148365574,5.656854249492381,12.0,32.7414110874898,71.88880302244571,109.2520022699813,4.0,12.0,32.49615361854384,70.9929573971954,107.92590050585633,46.00816606775467,41.3556866877203,4.0,4.0
crop1042,Liver,Chemical,Bile canaliculus,4.0,11267857,11267857,1.0,5.656854249492381,8.94427190999916,18.33030277982336,42.708313008125245,73.10266752998827,5.656854249492381,8.94427190999916,18.33030277982336,42.708313008125245,73.10266752998827,29.933809968933485,28.1993859605185,4.0,4.0
crop1044,Liver,Chemical,Hepatocyte lateral,4.0,14025534,14007136,0.9986882495882153,8.0,16.492422502470642,35.77708763999664,66.09084656743322,99.43842315724842,8.0,16.492422502470642,35.32704346531139,65.72670690061993,99.03534722511958,45.448279521399286,36.63222694479718,4.0,4.0
crop1036,Cortex,Chemical,,2.0,6830094,6830094,1.0,2.0,2.8284271247461903,6.0,10.198039027185569,14.422205101855956,2.0,2.8284271247461903,6.0,10.198039027185569,14.422205101855956,7.370196839922216,5.02067836051834,2.0,2.0
crop1034,Cortex,Chemical,,2.0,5578838,5578838,1.0,2.0,2.0,4.47213595499958,7.483314773547883,12.0,2.0,2.0,4.47213595499958,7.483314773547883,12.0,5.761877389376175,4.567028966006588,2.0,2.0
crop1043,Liver,Chemical,Space of Disse,4.0,17013177,17006336,0.9995978999101697,5.656854249492381,9.797958971132712,21.908902300206645,41.376321731154405,65.60487786742691,5.656854249492381,9.797958971132712,21.908902300206645,41.376321731154405,65.4828221749796,29.652750586947622,25.482484227685134,4.0,4.0
crop1030,Kidney,Chemical,DCT base,4.0,15596505,15596505,1.0,4.0,8.0,23.664319132398465,44.0,58.240879114244144,4.0,8.0,23.664319132398465,44.0,58.240879114244144,27.740382786779982,20.978542588448047,4.0,4.0
crop1046,Cortex,Chemical,,2.0,13283138,13280693,0.9998159320485868,2.0,4.0,8.246211251235321,14.560219778561036,25.37715508089904,2.0,4.0,8.246211251235321,14.560219778561036,25.37715508089904,14.42527210120335,22.482723908665726,2.0,2.0
crop1038,Liver,Chemical,Space of Disse,4.0,35129706,31160459,0.8870116647147573,8.94427190999916,20.396078054371138,48.82622246293481,107.70329614269008,217.18195136797164,8.0,17.88854381999832,40.98780306383839,81.68231142664855,128.31211945876353,55.56530308759695,47.03044073977079,4.0,4.0
crop1045,Cortex,Chemical,,2.0,13863020,13856421,0.9995239853942359,2.0,4.0,9.16515138991168,37.57658845611187,103.32473082471591,2.0,4.0,9.16515138991168,37.36308338453881,103.09219175087898,30.432656890934847,43.49444952885333,2.0,2.0
crop1026,Kidney,Chemical,Glomerular,4.0,38423632,38405274,0.9995222211164213,6.928203230275509,16.0,32.49615361854384,59.464274989274024,89.17398723843182,6.928203230275509,16.0,32.49615361854384,59.19459434779497,88.90444308357148,41.385136651961865,32.65808759629431,4.0,4.0
crop1041,Liver,Chemical,Space of Disse,4.0,17191268,16553520,0.9629027946047959,6.928203230275509,14.422205101855956,30.199337741083,59.19459434779497,111.78550889985696,6.928203230275509,14.422205101855956,28.5657137141714,54.405882034941776,92.26050075736637,40.9331190363123,38.2170190530065,4.0,4.0
crop1033,Cortex,Chemical,,2.0,5986777,5986777,1.0,2.0,2.0,2.8284271247461903,6.0,9.16515138991168,2.0,2.0,2.8284271247461903,6.0,9.16515138991168,4.551831648764386,3.418511087008957,2.0,2.0
crop1027,Kidney,Chemical,Glomerular,4.0,47953778,47123116,0.9826778611687279,8.0,18.33030277982336,40.0,70.8801805866774,117.37120600896968,8.0,18.33030277982336,39.395431207184416,68.58571279792899,109.2520022699813,49.886561992389176,41.19007908760667,4.0,4.0
crop1035,Cortex,Chemical,,2.0,5316575,5316575,1.0,2.0,2.8284271247461903,4.0,6.6332495807108,12.0,2.0,2.8284271247461903,4.0,6.6332495807108,12.0,5.746755393489636,4.862069749611824,2.0,2.0
crop1031,Kidney,Chemical,PCT lateral,4.0,3612809,3612809,1.0,4.0,4.0,8.0,14.966629547095765,21.540659228538015,4.0,4.0,8.0,14.966629547095765,21.540659228538015,10.692853479329154,6.996687961928733,4.0,4.0
crop1037,Cortex,Chemical,,2.0,64698755,51435441,0.7949989300412349,8.246211251235321,24.73863375370596,92.0,176.02272580550502,279.1128803907122,6.324555320336759,18.33030277982336,62.51399843235114,120.0,161.20794025109308,72.95607819320199,58.29328703328166,2.0,2.0
crop1028,Kidney,Chemical,PCT brush border,8.0,1789974,1474131,0.8235488336702097,8.0,19.595917942265423,80.39900496896712,166.85322891691368,254.11808278829744,8.0,16.0,54.258639865002145,119.19731540601072,163.3646228532971,70.9352889291355,58.91436862624933,4.0,8.0
crop1029,Kidney,Chemical,PCT brush border,8.0,3355156,1624288,0.4841169829361138,13.856406460551018,62.99206299209449,209.990475974507,389.7075826821952,568.9006943219529,8.0,17.88854381999832,58.787753826796276,124.70765814495917,168.949696655543,74.48558348355597,60.25223764002229,4.0,8.0
crop1044,Liver,Chemical,Hepatocyte lateral,8.0,1749485,1746943,0.9985470009745725,8.0,17.88854381999832,36.66060555964672,66.93280212272605,100.23971268913334,8.0,17.88854381999832,36.66060555964672,66.4529909033446,99.59919678390986,46.86664846639561,36.19892355338237,4.0,8.0
crop1039,Liver,Chemical,Bile canaliculus,8.0,1531686,1311251,0.856083427020943,8.0,13.856406460551018,52.459508194416,138.5062813857138,234.19649869287116,8.0,11.313708498984761,36.66060555964672,94.65727652959386,148.59340496805368,58.623133410833674,54.502882617922246,4.0,8.0
crop1031,Kidney,Chemical,PCT lateral,8.0,451637,451637,1.0,8.0,8.0,8.0,16.0,24.0,8.0,8.0,8.0,16.0,24.0,12.928237589102283,6.46957638644703,4.0,8.0
crop1042,Liver,Chemical,Bile canaliculus,8.0,1402760,1402760,1.0,8.0,11.313708498984761,19.595917942265423,43.81780460041329,74.18894796396563,8.0,11.313708498984761,19.595917942265423,43.81780460041329,74.18894796396563,31.756870799292475,27.820673082352688,4.0,8.0
crop1041,Liver,Chemical,Space of Disse,8.0,2147267,2063968,0.9612069668094373,8.0,16.0,32.0,60.398675482166,113.98245479020005,8.0,16.0,29.93325909419153,56.0,93.29523031752481,42.37703180172464,37.7776082711875,4.0,8.0
crop1040,Liver,Chemical,Bile canaliculus,8.0,1792940,1785243,0.9957070509888786,8.0,13.856406460551018,33.94112549695428,72.44308110509934,109.39835464941875,8.0,13.856406460551018,33.94112549695428,72.0,107.92590050585633,47.36614465627216,40.59843056983342,4.0,8.0
crop1036,Cortex,Chemical,,4.0,853302,853302,1.0,4.0,4.0,6.928203230275509,11.313708498984761,14.966629547095765,4.0,4.0,6.928203230275509,11.313708498984761,14.966629547095765,8.357531437531975,4.737832546848668,2.0,4.0
crop1038,Liver,Chemical,Space of Disse,8.0,4386883,3881666,0.8848346308757266,11.313708498984761,22.627416997969522,50.59644256269407,108.81176406988355,219.5267637441959,11.313708498984761,19.595917942265423,41.569219381653056,82.365041127896,128.74781551544865,56.745545267819026,46.426682720004166,4.0,8.0
crop1043,Liver,Chemical,Space of Disse,8.0,2118486,2117491,0.9995303249584845,8.0,11.313708498984761,24.0,43.08131845707603,66.4529909033446,8.0,11.313708498984761,24.0,43.08131845707603,66.4529909033446,31.33110736614413,25.07562502035559,4.0,8.0
crop1046,Cortex,Chemical,,4.0,1660111,1659722,0.9997656783191003,4.0,5.656854249492381,8.94427190999916,14.966629547095765,25.92296279363144,4.0,5.656854249492381,8.94427190999916,14.966629547095765,25.92296279363144,15.492444544604412,22.642340511722313,2.0,4.0
crop1032,Kidney,Chemical,PCT base,8.0,2422907,2422248,0.9997280126723808,8.0,16.0,43.08131845707603,77.56287771866127,108.51727973000429,8.0,16.0,43.08131845707603,77.56287771866127,108.51727973000429,50.888065943572315,38.562925888667166,4.0,8.0
crop1036,Cortex,Chemical,,8.0,106735,106735,1.0,8.0,8.0,8.0,11.313708498984761,17.88854381999832,8.0,8.0,8.0,11.313708498984761,17.88854381999832,10.831062903078973,4.127857518865358,2.0,8.0
crop1046,Cortex,Chemical,,8.0,208152,208076,0.9996348822014681,8.0,8.0,11.313708498984761,17.88854381999832,28.844410203711913,8.0,8.0,11.313708498984761,17.88854381999832,28.844410203711913,17.932689159559573,22.522388155360836,2.0,8.0
crop1030,Kidney,Chemical,DCT base,8.0,1945458,1945458,1.0,8.0,11.313708498984761,24.0,45.254833995939045,58.787753826796276,8.0,11.313708498984761,24.0,45.254833995939045,58.787753826796276,29.543707490486867,20.352757351426742,4.0,8.0
crop1034,Cortex,Chemical,,4.0,694482,694482,1.0,4.0,4.0,5.656854249492381,8.94427190999916,12.649110640673518,4.0,4.0,5.656854249492381,8.94427190999916,12.649110640673518,6.913593668917141,4.221917645283278,2.0,4.0
crop1035,Cortex,Chemical,,4.0,666808,666808,1.0,4.0,4.0,5.656854249492381,8.0,12.649110640673518,4.0,4.0,5.656854249492381,8.0,12.649110640673518,6.861558082465304,4.630440802466875,2.0,4.0
crop1045,Cortex,Chemical,,4.0,1738825,1737639,0.9993179302114934,4.0,4.0,9.797958971132712,38.781438859330635,104.6900186264192,4.0,4.0,9.797958971132712,38.781438859330635,104.30723848324239,31.56782969452272,43.5121404250876,2.0,4.0
crop1035,Cortex,Chemical,,8.0,83715,83715,1.0,8.0,8.0,8.0,8.0,16.0,8.0,8.0,8.0,8.0,16.0,9.70178892291908,3.9962444955452927,2.0,8.0
crop1033,Cortex,Chemical,,4.0,748291,748291,1.0,4.0,4.0,4.0,6.928203230275509,9.797958971132712,4.0,4.0,4.0,6.928203230275509,9.797958971132712,5.85849706072824,3.066244868210757,2.0,4.0
crop1034,Cortex,Chemical,,8.0,86720,86720,1.0,8.0,8.0,8.0,11.313708498984761,13.856406460551018,8.0,8.0,8.0,11.313708498984761,13.856406460551018,9.775645095314124,3.5596979250105476,2.0,8.0
crop1027,Kidney,Chemical,Glomerular,8.0,6006917,5894642,0.9813090475530126,11.313708498984761,19.595917942265423,40.792156108742276,72.0,118.92854997854805,11.313708498984761,19.595917942265423,40.0,70.19971509913698,110.85125168440814,51.304296810819395,40.758325414655474,4.0,8.0
crop1026,Kidney,Chemical,Glomerular,8.0,4805789,4803199,0.999461066642751,8.0,17.88854381999832,33.94112549695428,60.398675482166,89.7997772825746,8.0,17.88854381999832,33.94112549695428,60.398675482166,89.7997772825746,42.83779812331382,32.28108746073673,4.0,8.0
crop1045,Cortex,Chemical,,8.0,218069,217792,0.998729759846654,8.0,8.0,11.313708498984761,40.792156108742276,107.03270528207722,8.0,8.0,11.313708498984761,40.792156108742276,106.73331251301067,34.05599919920374,43.22700737795931,2.0,8.0
crop1037,Cortex,Chemical,,4.0,8100824,6429606,0.7936977769175086,8.94427190999916,25.298221281347036,92.43376006633075,176.58992043715293,280.0,8.0,19.595917942265423,62.99206299209449,120.13325934144966,161.24515496597098,73.4098626439215,58.001180788289794,2.0,4.0
crop1033,Cortex,Chemical,,8.0,93324,93324,1.0,8.0,8.0,8.0,8.0,11.313708498984761,8.0,8.0,8.0,8.0,11.313708498984761,8.97592005531636,2.401262982185819,2.0,8.0
crop1037,Cortex,Chemical,,8.0,1012100,800784,0.7912103547080328,11.313708498984761,26.5329983228432,93.637599285757,177.2681584492827,280.7988603965479,8.0,19.595917942265423,64.4980619863884,120.53215338655491,160.99689437998487,74.43503845243805,57.21047901392558,2.0,8.0
crop1118,Liver,Chemical,Hepatocyte lateral,16.0,29437,29427,0.9996602914699189,16.0,16.0,16.0,48.0,80.0,16.0,16.0,16.0,48.0,80.0,35.757356983187485,30.163820170210347,8.0,16.0
crop1119,Liver,Chemical,Hepatocyte lateral,16.0,43574,43573,0.9999770505347225,16.0,16.0,22.627416997969522,39.191835884530846,71.55417527999327,16.0,16.0,22.627416997969522,39.191835884530846,71.55417527999327,34.65400661181904,28.86478142341422,8.0,16.0
crop1120,Liver,Chemical,Hepatocyte lateral,16.0,35320,35320,1.0,16.0,16.0,16.0,22.627416997969522,35.77708763999664,16.0,16.0,16.0,22.627416997969522,35.77708763999664,22.49132441039634,11.388471853533384,8.0,16.0
crop1121,Liver,Chemical,Hepatocyte lateral,16.0,15143,15143,1.0,16.0,16.0,16.0,16.0,16.0,16.0,16.0,16.0,16.0,16.0,17.69278094738476,6.786401607938634,8.0,16.0
crop1122,Liver,Chemical,Hepatocyte lateral,16.0,46081,46081,1.0,16.0,16.0,16.0,35.77708763999664,57.688820407423826,16.0,16.0,16.0,35.77708763999664,57.688820407423826,28.21199435404167,18.504438028823486,8.0,16.0
