crop,tissue,prep,region_group,voxel_nm,n_cells_considered,n_cells_included,total_ecs_surface_nm2,curvature_abs_median_per_nm,curvature_abs_p25_per_nm,curvature_abs_p75_per_nm,curvature_signed_median_per_nm,curvature_signed_p10_per_nm,curvature_signed_p90_per_nm,curvature_std_per_nm,curvature_iqr_per_nm,fraction_convex,fraction_concave,fraction_flat,roughness_rms_nm_p30,roughness_rms_nm_p60,roughness_rms_nm_p120,protrusion_density_per_um2,indentation_density_per_um2,protrusion_count,indentation_count,native_voxel_nm,analysis_voxel_nm
crop1145,Heart,Chemical,Cardiac interstitial,16.0,3,3,12337613.721833127,0.003938464977137352,0.0017295854857526014,0.008408709998602187,0.0009219165847165145,-0.010387023209168579,0.010467360260502073,0.012945220672396273,0.0066791245128495855,0.4179835301988189,0.29252557855722444,0.2894908912439569,2.112920435052054,5.20211293706023,11.455934806844152,13.049525105092897,8.834771655000782,161,109,8.0,16.0
crop1147,Heart,Chemical,Intercalated disc,16.0,3,3,12617111.666040368,0.0033079451012924164,0.0014317825274306687,0.0062830876334652305,0.0005249758954884019,-0.006045872697016344,0.008510179300736017,0.008091060984856653,0.0048513051060345615,0.37948340586911816,0.2856941161488026,0.33482247798207926,1.1274219561896477,3.63027200300674,9.941092197150658,10.303467500402803,4.913961423269029,130,62,8.0,16.0
crop1146,Heart,Chemical,Cardiac interstitial,16.0,5,5,19734801.047970664,0.004133462363646318,0.0017595845727347654,0.008259398082701548,0.0011591087919851487,-0.008118785421776978,0.010859246343700361,0.011124120546900066,0.0064998135099667825,0.4402199038532495,0.2800368988218636,0.27974319732488684,1.7122128800731842,4.868550237142577,11.749839043023174,11.350507129791106,6.536675980995771,224,129,8.0,16.0
crop1028,Kidney,Chemical,PCT brush border,16.0,104,73,14457622.994796775,0.00851745775307565,0.004734840786777903,0.013156321791346138,0.008423078478686107,0.0009804697143408398,0.018480635778143326,0.007996607780959387,0.008421481004568236,0.8637345941703269,0.038091632723053936,0.09817377310661936,2.4585542762877757,7.532513856794494,23.236826482444833,21.303640308704107,0.4150059800396904,308,6,4.0,16.0
crop1044,Liver,Chemical,Hepatocyte lateral,16.0,41,9,12768348.582181161,0.006419662829010744,0.0029725612025745915,0.011502644405086167,0.0035859801288981646,-0.008025108920002475,0.015554974593094805,0.0125847408151502,0.008530083202511576,0.5728250394448865,0.2570237173266273,0.17015124322848607,1.7865783710699872,5.795027963731662,16.018697455798815,13.079216856051099,6.265493104695137,167,80,4.0,16.0
crop1029,Kidney,Chemical,PCT brush border,16.0,97,76,14502246.020106109,0.008106881441112256,0.0045927428395935894,0.012609127739497154,0.008077340360163401,0.0015777575735404612,0.018212327061232787,0.007659844901736752,0.008016384899903565,0.8830655515683166,0.024535257107531083,0.09239919132415247,2.2566632887002624,7.156036175493532,22.090352304854672,19.23839932195266,0.06895483627940022,279,1,4.0,16.0
crop1039,Liver,Chemical,Bile canaliculus,16.0,19,10,16961584.51384192,0.0066784441548428984,0.0029782521303942768,0.012668788649884797,0.002505492909085773,-0.013701916805595479,0.014944133513626253,0.015733730088164366,0.00969053651949052,0.5224185225766984,0.30517537794299443,0.17240609948030725,2.0351729320627756,6.1910064865004015,15.584853578614881,12.970486325759458,8.371859355717469,220,142,4.0,16.0
crop1043,Liver,Chemical,Space of Disse,16.0,81,18,27301418.9284335,0.006437705776606701,0.0030076761737533528,0.011278586455055792,0.004704661023868918,-0.005700274217569888,0.015796522169177752,0.010678827342932838,0.008270910281302439,0.6352371396537362,0.19570295255978595,0.16905990778647778,2.001508541562654,5.883120523834373,17.314006201799437,13.955318622769509,4.468632209915696,381,122,4.0,16.0
crop1036,Cortex,Chemical,,16.0,14,12,4913719.3898168905,0.005046923533033171,0.0022159908575973635,0.009533870864995372,0.004106301052809759,-0.0031104256900927633,0.015469970179892682,0.008867312901090595,0.007317880007398008,0.6316215465980888,0.14091367485256162,0.22746477854934957,1.7772619519235373,5.337810112640153,15.880755589668349,20.35118248861307,1.6280945990890456,100,8,2.0,16.0
crop1041,Liver,Chemical,Space of Disse,16.0,50,14,18223464.98959737,0.005868167910898308,0.00262080916031087,0.010848810418820418,0.003812595849698583,-0.0058509738863125145,0.015814477450316108,0.012047282580644303,0.008228001258509548,0.59166891983736,0.21410797334099277,0.19422310682164726,1.7893199207404191,5.589923316733387,15.52264054505103,12.895461984542827,3.5668299106182286,235,65,4.0,16.0
crop1042,Liver,Chemical,Bile canaliculus,16.0,24,18,18634161.86041897,0.00793637993739116,0.00376908331446993,0.013607100522997224,0.0057696156350356955,-0.007402494584147412,0.01825181908476979,0.014484398492659522,0.009838017208527294,0.6529180921298381,0.21052176762557853,0.13656014024458313,2.0822584071729477,6.577686752045,18.482336916671652,13.147894809286122,4.507849648898099,245,84,4.0,16.0
crop1031,Kidney,Chemical,PCT lateral,16.0,2,2,16814094.712672688,0.003572527311506467,0.001247044111160523,0.006519715063023816,-9.53674315709108e-07,-0.006773572830656774,0.007798297031977989,0.0068023113370498794,0.005272670951863293,0.3279182722539545,0.32366223254206905,0.34841949520397636,0.9481608608806895,2.6166889451162296,6.909420871165538,11.121621662988442,5.768969525721277,187,97,4.0,16.0
crop1040,Liver,Chemical,Bile canaliculus,16.0,27,19,19852657.39448427,0.007971666758563149,0.003968607167549858,0.013780245309426708,0.004392989777909972,-0.016008099911351496,0.015538696256288226,0.017317064901678628,0.00981163814187685,0.6003822882260541,0.2739312653202579,0.12568644645368818,2.3942516895682235,6.569740316804776,17.564429516511655,12.693514777019926,7.051952653899959,252,140,4.0,16.0
crop1035,Cortex,Chemical,,16.0,20,13,5221836.365120605,0.005340626257643735,0.0023239701182622067,0.010154586761588981,0.0030254877092653737,-0.0055740140359732526,0.016620541463501004,0.009930447874540732,0.007830616643326774,0.5507794547783902,0.23056274411509373,0.21865780110651603,1.7403578904345751,5.226242080119999,14.823821812517323,24.32094595079614,4.404580762742608,127,23,2.0,16.0
crop1034,Cortex,Chemical,,16.0,24,20,6227020.275563434,0.005542049293290098,0.0024625106419541272,0.010172563128698917,0.004662732599708403,-0.00315912380557444,0.016346489876766145,0.00912757723597171,0.00771005248674479,0.6552717575018048,0.13836021635077486,0.2063680261474204,1.8894806483643694,5.6542077283937475,16.828475413536157,26.97919591803465,0.802952259465317,168,5,2.0,16.0
crop1038,Liver,Chemical,Space of Disse,16.0,61,22,26416276.4312822,0.0059329781992191145,0.0027020683890722486,0.010620884342217045,0.003990109295672324,-0.005839343636177619,0.015461839167979172,0.010501846743704225,0.007918815953144797,0.6019176656975102,0.20921852540705546,0.18886380889543458,2.0308470359924145,5.853376556143,16.73684165163419,13.022274388097886,3.785544880261013,344,100,4.0,16.0
crop1032,Kidney,Chemical,PCT base,16.0,25,23,34068798.2137386,0.003845917645185395,0.0016585484266118064,0.007401575724270458,0.001610303426737344,-0.005213526348300314,0.011561557841559881,0.007713590084285182,0.0057430272976586524,0.4725672119088942,0.23370241393526622,0.29373037415583964,1.375400470719224,4.03067125276777,11.551190082397717,13.736909563521795,4.3147985167472305,468,147,4.0,16.0
crop1046,Cortex,Chemical,,16.0,17,12,6860048.680306273,0.0044539031364315244,0.0019022267389692392,0.009244524016432987,0.0027551098280428413,-0.004167589598012313,0.01635841362458323,0.010792366053883118,0.007342297277463748,0.5472746769846722,0.1915580154885167,0.26116730752681117,1.8044330010011345,5.124800539736228,14.418636983655345,19.096074401931414,1.8950302841611328,131,13,2.0,16.0
crop1030,Kidney,Chemical,DCT base,16.0,28,23,39949399.0936208,0.0036496926039181815,0.001562286749739757,0.006961179327952301,0.0012186609289424751,-0.005100403132051194,0.011335576948968919,0.008908827305601606,0.0053988925782125444,0.4453381539349852,0.24771382329758568,0.3069480227674292,1.4923951939207616,3.9972317124098757,11.143260839814985,12.365642818364268,3.5544965186391213,494,142,4.0,16.0
crop1037,Cortex,Chemical,,16.0,16,10,6348664.615074211,0.004562859640039832,0.002046421083601502,0.008478128166933278,0.0025150230375518908,-0.005109043957612986,0.014236505835628882,0.009520551718992038,0.0064317070833317756,0.5333857489303697,0.2226063100855046,0.2440079409841256,1.6069204289674361,4.584351137094948,12.981777830833897,18.114045546987168,3.3077822303193956,115,21,2.0,16.0
crop1045,Cortex,Chemical,,16.0,24,19,8357797.691257462,0.0047863375580886455,0.002081409137257554,0.009211649850471279,0.003142737010014526,-0.0043281050864975735,0.015179365520668483,0.008936772154252117,0.007130240713213725,0.5702698334646376,0.18844487386438605,0.24128529267097631,1.7405159538090416,5.010774910483132,14.40899111119269,24.288695120288068,2.0340286553935822,203,17,2.0,16.0
crop1027,Kidney,Chemical,Glomerular,16.0,27,21,42188229.02747306,0.004801568945260749,0.0021897508375454972,0.00861394211598631,0.0026646177857330765,-0.005840285672364464,0.01224253838652146,0.008745695313632654,0.006424191278440813,0.5418080456250199,0.22838880035023518,0.2298031540247451,1.646499582800805,4.680572914038869,13.556009305590907,13.463471046156434,5.333241171452813,568,225,4.0,16.0
crop1026,Kidney,Chemical,Glomerular,16.0,48,31,40000217.313670255,0.005060599122127258,0.002319237218298113,0.009048954967015884,0.003029080654727088,-0.0059055282945227145,0.012842931189199065,0.008785612081793107,0.006729717748717771,0.5617832717455589,0.22056485013231708,0.21765187812212428,1.7703953357357791,5.050770910958857,14.853668286455076,13.849924755550465,4.724974329962162,554,189,4.0,16.0
crop1033,Cortex,Chemical,,16.0,22,18,8330323.710107649,0.0058114082965391965,0.00263818451140515,0.010357750205415536,0.0046275066843437145,-0.004135062472343048,0.0159743465948642,0.009057904083587883,0.007719565694010386,0.6443770745281329,0.1631826962628824,0.1924402292089848,1.8441611004744187,5.630754456294468,16.9664536341532,23.648540783711542,2.881040501568919,197,24,2.0,16.0
crop1147,Heart,Chemical,Intercalated disc,8.0,3,3,12378508.196983542,0.0023031445786841263,0.0010246163325624866,0.004526890793737026,0.00040236906006266087,-0.00451540269068592,0.0061758617728338355,0.00703231460954864,0.0035022744611745396,0.3174888834883657,0.23393714986700606,0.44857396664462795,1.0296762473047083,3.225853177350369,9.246250623259732,10.582858444277052,4.927895916800765,131,61,8.0,8.0
crop1145,Heart,Chemical,Cardiac interstitial,8.0,3,3,12071788.839198925,0.0026989449516580527,0.0011443960529913576,0.007120041633945189,0.0006009322504012902,-0.012560613655076039,0.008543326759173821,0.012476111056745632,0.005975645580953831,0.3520388939313675,0.24344557405441522,0.40451553201421736,1.895668247706767,5.091615750509808,10.954480598404723,12.508502427550766,9.360667379557858,151,113,8.0,8.0
crop1146,Heart,Chemical,Cardiac interstitial,8.0,5,5,19254884.072786074,0.002761035547540915,0.0011866258031975458,0.0063899727156867285,0.0008993028087794587,-0.0070344845107769925,0.008553169896372947,0.010243313099306938,0.0052033469124891825,0.38334194607181143,0.22376069458773776,0.3928973593404509,1.5478098855790583,4.640795307490888,11.212162458077039,9.815691399935433,5.8686408899084865,189,113,8.0,8.0
crop1028,Kidney,Chemical,PCT brush border,4.0,104,62,10407370.735976744,0.0068745963425953655,0.004443195784497747,0.009560258538243643,0.006790562954084996,0.00146320739065768,0.012397580035595381,0.005039979448435623,0.005117062753745896,0.8799646264364835,0.033020799769119535,0.08701457379439644,1.641190181461921,6.115077405858214,20.685137088962307,26.2314091546945,0.6726002347357564,273,7,4.0,4.0
crop1028,Kidney,Chemical,PCT brush border,8.0,104,71,13719231.227635195,0.00803218772005874,0.005095844884030849,0.011565664901106483,0.007969629876602975,0.002092647471248458,0.015651787393172238,0.006220086776941696,0.006469820017075634,0.9031809838912355,0.02558532887135584,0.07123368723740851,1.979752905942552,6.995015334206338,22.382985538575333,21.138210675816982,0.4373422898444893,290,6,4.0,8.0
crop1029,Kidney,Chemical,PCT brush border,4.0,97,62,10120880.045056138,0.006518143180002541,0.004177132795803878,0.009248842251827849,0.006492368691206534,0.0018450147789195962,0.01220132206443013,0.004556809155220095,0.005071709456023971,0.8929059799339149,0.01860488108461662,0.0884891389814686,1.4979031318140092,5.634465153433729,19.37503110562094,25.195437438719843,0.09880563701458762,255,1,4.0,4.0
crop1029,Kidney,Chemical,PCT brush border,8.0,96,72,13576546.57508158,0.0076485988186233,0.004818556841089711,0.011152428690357348,0.0076327601078986645,0.0023219720562589925,0.01532848342373959,0.005887244153015166,0.006333871849267638,0.9131053637208535,0.014730183300530865,0.0721644529786156,1.832508874078226,6.509981650890163,21.07414752025567,19.666267745146055,0.07365643350241968,267,1,4.0,8.0
crop1044,Liver,Chemical,Hepatocyte lateral,4.0,41,4,10527022.155487645,0.005019581974109477,0.0023605992243875148,0.008620981146980499,0.0020998940018377836,-0.00792819677883426,0.010596868308462454,0.012597957033859679,0.0062603819225929835,0.5057648622111858,0.2808259884308289,0.21340914935798527,1.3694731244936342,4.5400661505020885,13.731652220930012,14.629018323070703,6.934534659637412,154,73,4.0,4.0
crop1039,Liver,Chemical,Bile canaliculus,4.0,19,5,14532314.773801342,0.004828340679747288,0.0019381232236296566,0.009470171260547994,0.0009379333446189647,-0.015022020010705366,0.009818914735382933,0.015610769315718684,0.007532048036918338,0.43254249027366104,0.3107984714806756,0.2566590382456637,1.7955290357357412,5.199443173380911,13.365685986122516,13.762432421334367,8.876768911760667,200,129,4.0,4.0
crop1044,Liver,Chemical,Hepatocyte lateral,8.0,41,7,12247391.987846812,0.005901837386555727,0.0027508324097054388,0.010248414954149897,0.003405503792481662,-0.0072084669852788665,0.013515237375626325,0.011969713707170204,0.007497582544444458,0.5712259548173308,0.2452942255907422,0.183479819591927,1.5754009206793607,5.230427680505302,15.415897413034315,13.390605948004158,6.2054027563921705,164,76,4.0,8.0
crop1039,Liver,Chemical,Bile canaliculus,8.0,19,10,16725922.524616338,0.005864518601840796,0.002374579387954074,0.011352705390499878,0.0021462381599795504,-0.012838575340677135,0.013193109552965026,0.015648486890790635,0.008978126002545803,0.5077850021337201,0.2773921793486546,0.21482281851762525,1.999232680203552,5.7393048726549925,15.03909474558722,12.316211539113612,7.353854462674632,206,123,4.0,8.0
crop1031,Kidney,Chemical,PCT lateral,4.0,2,2,17320762.310187124,0.0013656885829490205,0.000600449360982091,0.002626282004116771,5.552452703304273e-05,-0.0029293286720995892,0.0031807932018265276,0.004017876890570399,0.00202583264313468,0.18421505640242858,0.16697577902357125,0.648809164574,0.5766955527271823,1.8521081007805904,5.396653199687817,7.159038255901127,2.9444431536367537,124,51,4.0,4.0
crop1042,Liver,Chemical,Bile canaliculus,4.0,24,15,14368894.186761413,0.005643083355773396,0.0025239445180575758,0.009815457624694789,0.003195037283387649,-0.007367430730017474,0.012495111641089037,0.01303319919433496,0.007291513106637212,0.5629728004664959,0.23486600736846003,0.20216119216504397,1.5657347583119365,5.219512420528155,15.903501270584261,16.145988479318756,6.263530013528827,232,90,4.0,4.0
crop1041,Liver,Chemical,Space of Disse,4.0,50,9,15032154.591792215,0.00402176855453913,0.00179057288239278,0.00760589510443014,0.002126828728514713,-0.0050875071891563805,0.010455347475690465,0.010408010658657057,0.00581532222203736,0.509397349112533,0.21364916807928036,0.2769534828081862,1.2909834907626137,4.20568648204131,12.621569553774885,14.635293873316293,4.590160351176474,220,69,4.0,4.0
crop1031,Kidney,Chemical,PCT lateral,8.0,2,2,17632958.445586696,0.0017257186090090873,0.0007351439038867121,0.00327314913640235,6.912119301231825e-05,-0.003454485283247926,0.0040589273911875254,0.0047114312865244225,0.0025380052325156377,0.23979070966758712,0.20449816066821389,0.5557111296641989,0.6777472830196699,2.1093396265996787,5.991657879807403,7.7695413632809505,3.2325829029709063,137,57,4.0,8.0
crop1040,Liver,Chemical,Bile canaliculus,4.0,27,11,16598017.344019562,0.006437036509197819,0.0031902347054140797,0.01076697052262023,0.002928218638679627,-0.01803956615348605,0.010834760881060777,0.017070906020782994,0.007576735817206151,0.5429858121650083,0.2971211220306309,0.15989306580436033,1.9768946801854048,5.78774268130815,15.346743674472744,13.796828576186002,8.073253402659057,229,134,4.0,4.0
crop1042,Liver,Chemical,Bile canaliculus,8.0,24,17,17727105.32741355,0.007103948923181765,0.0032300197721008184,0.012202845496005222,0.005222721340020662,-0.006180439483443211,0.016237989953514005,0.012904343298163883,0.008972825723904404,0.6449105912202426,0.19581768607478905,0.1592717227049681,1.8857741118888887,6.105697750454002,17.83345420075525,12.74883833687777,4.794917073604471,226,85,4.0,8.0
crop1041,Liver,Chemical,Space of Disse,8.0,50,13,17497121.51135506,0.004946469801902874,0.002138080392315223,0.00962190421249287,0.003249769170422375,-0.004600655768781611,0.013806536715577689,0.011020607589058859,0.007483823820177647,0.5762480575243993,0.18867736980176858,0.23507457267383217,1.6048576430951755,5.094840419314451,14.742563307404712,13.259323817888534,3.7720490171579453,232,66,4.0,8.0
crop1040,Liver,Chemical,Bile canaliculus,8.0,27,17,19658068.391688414,0.007446002241389402,0.0037622767146957056,0.012388567238828026,0.004488999005642921,-0.01512610446904041,0.013801957526231977,0.01677148290644606,0.008626290524132321,0.6098420464176356,0.25614210047972835,0.13401585310263603,2.079661908211543,6.309963126920214,16.914844479236947,12.208727491327373,6.867409213871647,240,135,4.0,8.0
crop1036,Cortex,Chemical,,2.0,14,10,3126614.250253634,0.002604981464707368,0.001241109017922702,0.0045260146623215475,0.0014712594303068448,-0.0032320871707236048,0.006188149172242025,0.004229882923130965,0.0032849056443988453,0.43894604844240204,0.16594786375112022,0.39510608780647744,0.7781002584370297,2.9772843548487393,6.147436724296385,35.181826472861715,0.31983478611692473,110,1,2.0,2.0
crop1038,Liver,Chemical,Space of Disse,4.0,61,16,21672293.024475962,0.004249668415670566,0.0019203648523716432,0.007572192943601587,0.002330880021091935,-0.005315626195459442,0.010063235653402523,0.008706269391963667,0.005651828091229943,0.5229235323888528,0.2174385376423498,0.25963792996879825,1.299877991990326,4.448848983770446,14.112516369417923,15.088389568685562,4.614186412442068,327,100,4.0,4.0
crop1043,Liver,Chemical,Space of Disse,4.0,81,16,22107461.470103115,0.004884248063548116,0.0023109158111406305,0.00831700286966603,0.0030742265695447523,-0.005674349675072395,0.01088920485960121,0.009579968536923687,0.0060060870585254,0.569011801920318,0.21353823694225454,0.21744996113742687,1.3740051046880097,4.769859965105418,15.084295078386033,16.46502926137644,5.473265221501509,364,121,4.0,4.0
crop1046,Cortex,Chemical,,2.0,17,12,4518427.560314832,0.0023452898478012463,0.001040716640082839,0.0044789405414677255,0.00033124894920695937,-0.004437049794941173,0.0058842490018574745,0.0050751926116985625,0.0034382239013848867,0.31483086982712194,0.24335641955553353,0.441812710617344,0.7896376765810216,2.820671201866512,5.481886622081828,33.41870550857713,1.1065796526018918,151,5,2.0,2.0
crop1038,Liver,Chemical,Space of Disse,8.0,61,21,25339164.419202067,0.005162944102506642,0.002303324590314812,0.009318821833635542,0.0035295173962156343,-0.004802605506171035,0.01321312850562386,0.009321281876542969,0.007015497243320731,0.5904476886709855,0.19069109641977952,0.21886121490923516,1.6151743873291113,5.250512945416746,15.963749408603652,12.865459752609544,4.025389247748999,326,102,4.0,8.0
crop1032,Kidney,Chemical,PCT base,4.0,25,23,31160895.34646161,0.002787818225591298,0.0012386750938805666,0.005207378956363485,0.0010253062500905415,-0.00417008754934192,0.007254307108356518,0.005205525654885059,0.003968703862482919,0.40587883788126355,0.2120715820395696,0.38204958007916684,0.9013207735175262,3.06295710262913,9.416149157918614,14.216536305344118,4.492810570537644,443,140,4.0,4.0
crop1036,Cortex,Chemical,,4.0,14,10,4135687.794998137,0.003457251958023703,0.0016232602204936408,0.006090077214236873,0.00271507604379153,-0.002585483606155365,0.009110041166201809,0.005107106551495621,0.004466816993743232,0.5684921535148558,0.12670904969020566,0.30479879679493826,1.0447606122037587,3.75895068276003,12.657039708484469,21.278201924823886,1.6925842440200818,88,7,2.0,4.0
crop1043,Liver,Chemical,Space of Disse,8.0,81,17,26370767.31838123,0.005905951251326718,0.0027896834254808977,0.010121152379097808,0.004460632138497261,-0.004940592637190213,0.013928265653108604,0.009937912183182507,0.00733146895361691,0.6372341757208433,0.18196830602169556,0.1807975182574609,1.6439673165756634,5.509775154003232,16.802833939252142,14.068608452716568,4.285047857565963,371,113,4.0,8.0
crop1036,Cortex,Chemical,,8.0,14,12,4821304.581163218,0.004186853817148544,0.0019160833662256226,0.007792879837239086,0.0035747211072423087,-0.0023206650059335314,0.012378481913190456,0.006705154021016269,0.005876796471013464,0.6267253669805127,0.11314150192614868,0.2601331310933387,1.3727598092460107,4.615211769977872,14.481971591553583,20.11903590969504,1.451889189359436,97,7,2.0,8.0
crop1046,Cortex,Chemical,,4.0,17,12,5697728.297993392,0.0028867060296803647,0.0012580062532486682,0.00561192990869461,0.0012436250655599153,-0.0038412937388363558,0.008817861172314473,0.005592906662552876,0.0043539236554459414,0.4295827041898382,0.195536239028613,0.37488105678154865,1.0050502807674462,3.4431811012791638,10.939972510763486,25.097721850015436,2.106102532868428,143,12,2.0,4.0
crop1046,Cortex,Chemical,,8.0,17,12,6591662.472780982,0.0035227970087492975,0.0014989705567960197,0.0072610569043194614,0.0020647280659362795,-0.0035389873696596978,0.012574198315979217,0.007436527489442337,0.005762086347523442,0.5051826189463392,0.17206412466542284,0.322753256388238,1.3529265373592978,4.297589951969828,12.731455640457447,20.02529719096949,1.8204815628154083,132,12,2.0,8.0
crop1032,Kidney,Chemical,PCT base,8.0,25,23,33424361.060273267,0.003115466393656827,0.0013735296783110448,0.006000988739544254,0.0014049220720014997,-0.0040914239720948025,0.009234779160385538,0.006253655233109925,0.004627459061233209,0.4482175471730816,0.20319261286059698,0.34858983996632154,1.1010276859573203,3.5811437756275124,10.600762092650644,13.37347927740299,4.128725146043876,447,138,4.0,8.0
crop1030,Kidney,Chemical,DCT base,4.0,28,22,36355966.31866841,0.002511541761415069,0.0011295863841795063,0.004699234750103691,0.0006587496463170294,-0.004159861581260916,0.006610802993515782,0.007624471501796895,0.003569648365924185,0.35758584583608444,0.2264722288063982,0.4159419253575185,0.9220040173747317,2.921186097393729,8.803262707270726,13.725395045923143,3.3006962034284113,499,120,4.0,4.0
crop1030,Kidney,Chemical,DCT base,8.0,28,23,39790221.85166371,0.0028642567787388216,0.001276135144466781,0.005537577014947877,0.0010735260147499831,-0.004017901794385921,0.008990572202070592,0.008101039050794845,0.004261441870481096,0.41393425298487113,0.2123643126348145,0.3737014343803147,1.134434707238743,3.486516309216045,10.114885656735932,12.06326523610298,3.091211716751389,480,123,4.0,8.0
crop1034,Cortex,Chemical,,2.0,24,20,4523141.379311062,0.002851800976242118,0.0013414943678654188,0.004928267775114576,0.0018693772806860796,-0.003093516713401339,0.006736912220879168,0.004510811122706214,0.003586773407249157,0.485192796866476,0.1508191540470176,0.36398804908650695,0.8678753919468152,3.2962847111495583,6.688304033454787,37.584498414660075,0.6632558543763543,170,3,2.0,2.0
crop1035,Cortex,Chemical,,2.0,20,9,3616722.59707254,0.00285325277037872,0.001328817572488051,0.004977312740041768,0.00031229909309104885,-0.005392522090380159,0.005739679680300081,0.004949628078421571,0.0036484951675537164,0.3405825838119707,0.2938007308882956,0.36561668529973357,0.7886800276727266,2.822154144713435,5.842103857602468,30.414276198300797,2.2119473598764214,110,8,2.0,2.0
crop1045,Cortex,Chemical,,2.0,24,18,6174523.505420225,0.0024966932680293044,0.0011188491199998012,0.004600464431018056,0.0007319197490601144,-0.004148294850099177,0.006028067055394486,0.004802724154135998,0.0034816153110182545,0.36646607620502736,0.21613190966002108,0.41740201413495087,0.7787526366918543,2.8204924987706192,5.534838391470716,34.65854487591519,0.8097790858858689,214,5,2.0,2.0
crop1035,Cortex,Chemical,,4.0,20,10,4415580.3700925205,0.0034835336301902928,0.001599436099631149,0.006143703079784283,0.0013628696737717748,-0.00486837058220403,0.008788278805237127,0.005744471648965665,0.004544266980153134,0.4494554067604632,0.24223927761605218,0.3083053156234843,1.0137249587799668,3.4959560688158704,11.031006259727405,24.911787529686645,5.435299097386178,110,24,2.0,4.0
crop1035,Cortex,Chemical,,8.0,20,12,5062197.700959776,0.004121798593855329,0.0018869901889282427,0.00776052448569936,0.0022559588181232416,-0.004566392777426183,0.012959993701084353,0.007635610802113886,0.005873534296771117,0.517527134882444,0.21827025644694625,0.2642026086706095,1.3312514335939456,4.393798062714293,13.078185996989868,23.507576556608605,3.950853202791362,119,20,2.0,8.0
crop1033,Cortex,Chemical,,2.0,22,17,6465134.505579656,0.0032019485245921193,0.0015559462536317767,0.005339516909448007,0.0015325238343179975,-0.004654154065123977,0.00674041564639021,0.005041610355777836,0.0037835706558162303,0.45497739129244863,0.22446514450780655,0.32055746419974435,0.8985978041386932,3.4070339618295566,6.842417548833199,35.420763450839935,2.3201373439414805,229,15,2.0,2.0
crop1027,Kidney,Chemical,Glomerular,4.0,27,17,37719301.23955317,0.0036884239467659986,0.0016965563949764304,0.006498976341790653,0.001972261293090292,-0.005089983838641178,0.008385590485616783,0.006571868182048163,0.004802419946814223,0.4976851073421063,0.2107254282560976,0.2915894644017972,1.1434382412101158,3.850599405518656,11.831830979915551,14.687440694661257,6.230232063619847,554,235,4.0,4.0
crop1034,Cortex,Chemical,,4.0,24,20,6076705.979904058,0.003902368763497551,0.0018056225202391339,0.006832978133694462,0.003255569459887194,-0.002355534295284526,0.009926043664090995,0.00526557854074891,0.005027355613455328,0.6099604898337218,0.1142625588841906,0.2757769512820878,1.169038025174454,4.203766374956133,13.877169876942997,24.684426150624496,1.151939887029143,150,7,2.0,4.0
crop1026,Kidney,Chemical,Glomerular,4.0,48,29,35397721.21831728,0.004027297392933371,0.001922178696601864,0.006828015364208728,0.0023086952291723464,-0.005442731704390849,0.008696596287969944,0.006759882257989655,0.004905836667606864,0.5246172143712456,0.2156695382566028,0.2597132473721517,1.2131537450041598,4.167014987554678,12.90426676618365,15.904978643333234,5.678331629325009,563,201,4.0,4.0
crop1034,Cortex,Chemical,,8.0,24,20,6701839.515521215,0.004706407828166649,0.0021426607933960617,0.008570153395767251,0.004145442513470312,-0.0021405738142864644,0.013430090360238704,0.006980332158449635,0.006427492602371189,0.6606125403481928,0.10538078670964215,0.23400667294216473,1.502918515770773,5.07332911594082,15.653817697922292,21.785063587671612,0.8952765857947238,146,6,2.0,8.0
crop1045,Cortex,Chemical,,4.0,24,19,7872632.93191984,0.003286289053119372,0.0014305378313734553,0.006210277395701382,0.0019053581432595418,-0.003530827932827888,0.009261977666920404,0.005581357412623089,0.004779739564327927,0.49224200864589807,0.1719332290368879,0.3358247623172142,1.0432901208863137,3.608273205750999,11.500579817588054,24.007216090781206,2.286401532455353,189,18,2.0,4.0
crop1045,Cortex,Chemical,,8.0,24,19,8682214.268254664,0.003914055335667718,0.0016842251319162034,0.007736700134401907,0.0026868915933133328,-0.0033172828320495304,0.012480358955713353,0.00715041674431557,0.006052475002485704,0.5492541717872266,0.15903784712601737,0.2917079810867561,1.350868605573448,4.391899024872136,13.131564953979739,20.501682462598605,1.6124918790807892,178,14,2.0,8.0
crop1037,Cortex,Chemical,,2.0,16,8,4429674.866238767,0.0021144760224797903,0.0009420722410118177,0.00396287416268121,0.00042416124364374797,-0.003942801843860234,0.005083516401080015,0.004457627033781016,0.0030208019216693928,0.30312635451025544,0.21780217278069117,0.4790714727090535,0.6852041611589913,2.4309522482382855,4.895691620742823,25.5097729319236,0.677250608812131,113,3,2.0,2.0
crop1027,Kidney,Chemical,Glomerular,8.0,27,20,41158769.41380564,0.004142933231066142,0.0018917846905547962,0.007445389923905197,0.002505235023732829,-0.004833432711441273,0.010249194472166757,0.007360982590350486,0.005553605233350401,0.5382540912496426,0.19836846403836336,0.26337744471199337,1.3228531628306692,4.3198074654613166,12.928075296737033,12.876964193740575,5.223674154064573,530,215,4.0,8.0
crop1026,Kidney,Chemical,Glomerular,8.0,48,31,38927696.58493468,0.004505390048020787,0.002128012478482955,0.007826638149006531,0.0028970736443687164,-0.005099936030402419,0.010754383876151859,0.007588795774527556,0.0056986256705235765,0.5645238863320636,0.1999555555420762,0.23552055812585987,1.4053053420303627,4.695649487970887,14.13710679522398,13.974625979039619,5.009286885868981,544,195,4.0,8.0
crop1033,Cortex,Chemical,,4.0,22,17,8792993.672090575,0.004289401703806541,0.0020849288473598717,0.007157755790699933,0.0032187395217205222,-0.0037515152823599345,0.010096103672398661,0.005781596383826368,0.005072826943340061,0.5938935152622772,0.16631403809946438,0.23979244663825847,1.1922661665618577,4.288556437163668,14.124780032601997,21.153205260498915,2.9568996600697406,186,26,2.0,4.0
crop1037,Cortex,Chemical,,4.0,16,9,5407303.949894817,0.0025865856819134434,0.0011364602138126698,0.004979033946079988,0.0011230233574752414,-0.003519756997970712,0.00765785595614785,0.004985147409783337,0.003842573732267318,0.40782467114674875,0.1824246204511403,0.4097507084021107,0.8929320240151475,3.0912049597394278,9.921652792265192,21.08259514470562,3.513765857450937,114,19,2.0,4.0
crop1037,Cortex,Chemical,,8.0,16,9,5969429.658554154,0.003068990149912253,0.0013517665933820366,0.006117595985801181,0.0016564951073893687,-0.0034692892797058396,0.010796012606410933,0.006819295608048412,0.004765829392419145,0.4693284701463466,0.17525508042980065,0.3554164494238529,1.1879500448587645,3.8086865978212017,11.51082840942365,18.092180690199893,3.1828836399425735,108,19,2.0,8.0
crop1033,Cortex,Chemical,,8.0,22,17,9651174.10658255,0.005071053918394686,0.002420037224841983,0.008803901803101567,0.0042206874904227734,-0.003310333701919487,0.01326213307830149,0.007275592372404886,0.006383864578259584,0.6487071755440873,0.14414989682464124,0.20714292763127157,1.4967616867194795,5.083407299480804,15.741987068101789,19.47949523278989,2.3831297359264227,188,23,2.0,8.0
crop1118,Liver,Chemical,Hepatocyte lateral,16.0,3,3,5869079.268993268,0.00282390677758707,0.0011725224517171657,0.005768885454995764,0.0001070856762300622,-0.0058037173448633305,0.008594779939909128,0.00760422357363759,0.004596363003278598,0.3265262223121206,0.28595200431535844,0.3875217733725209,1.0430909238680752,3.2647812400742513,9.039994757210275,10.393453079134067,3.7484584875565488,61,22,8.0,16.0
crop1119,Liver,Chemical,Hepatocyte lateral,16.0,8,3,7450867.600291945,0.004053920010533047,0.0017704727313020046,0.007644871122500766,0.00014204283660028744,-0.00789211497348523,0.010049389538323197,0.008754254139729108,0.005874398391198761,0.37774714523377034,0.34247188850226923,0.2797809662639604,1.3131426046880272,4.072526641602646,11.468620682613805,12.079130220549558,6.710627900305311,90,50,8.0,16.0
crop1120,Liver,Chemical,Hepatocyte lateral,16.0,16,7,7667678.156079166,0.004069872640576019,0.0016812123353666924,0.008008115958908367,0.0014302732150800982,-0.005676271509267217,0.012778059966040166,0.008460479851334322,0.006326903623541675,0.46079596367072445,0.24985357811391778,0.2893504582153577,1.4196762700577876,4.498248794342586,12.908950659324095,14.606768531514723,5.60795577549226,112,43,8.0,16.0
crop1121,Liver,Chemical,Hepatocyte lateral,16.0,3,2,6627271.458336463,0.0021638363769464126,0.0007888323424560753,0.004074501404556649,7.691708411773748e-05,-0.004041625812562443,0.0055476926873787346,0.0057390392539549695,0.0032856690621005736,0.2917014886105078,0.23187328193563567,0.47642522945385635,0.7321459921101936,2.290649864280558,6.4931514716866765,8.902608014612671,2.1124832577047017,59,14,8.0,16.0
crop1122,Liver,Chemical,Hepatocyte lateral,16.0,26,4,9009937.198701046,0.00430909581036717,0.0014565576594636786,0.008181069025401727,0.0003907081660196914,-0.007293068854329739,0.011379657373921033,0.008377184775788023,0.006724511365938048,0.40848063570568605,0.2912446438816281,0.30027472041268594,1.2873996327477233,3.7686544980859105,10.371385655877182,12.985662099494743,7.103268156988577,117,64,8.0,16.0
