crop,tissue,prep,region_group,voxel_nm,n_boundary_faces,gap_min_nm,gap_mean_nm,gap_std_nm,percentiles_nm_p10,percentiles_nm_p25,percentiles_nm_p50,percentiles_nm_p75,percentiles_nm_p90,contact_fractions_p20,contact_fractions_p40,contact_fractions_p80,contact_fractions_p160,contact_fractions_p320,native_voxel_nm,analysis_voxel_nm
crop1028,Kidney,Chemical,PCT brush border,8.0,316513,24.0,156.09964648058295,186.06597747350838,24.0,33.17011495953578,54.62741699796952,235.90886444596123,438.96168965029983,0.0,0.35041530679624533,0.5941525308597119,0.6899116308018944,0.8101784128929933,4.0,8.0
crop1029,Kidney,Chemical,PCT brush border,8.0,429425,24.0,290.79736473942927,369.34993532158575,27.31370849898476,37.856406460551014,93.25483399593904,440.73947494630505,837.4540846889734,0.0,0.27795540548407754,0.47931536356756127,0.5731734295860744,0.6869348547476276,4.0,8.0
crop1137,Kidney,Rapid HPF,DCT base,8.0,533924,24.0,40.56771810518462,22.007742235460864,24.0,27.31370849898476,30.627416997969522,45.48446176226374,70.91810409913282,0.0,0.6853934267798413,0.9296173238138762,0.9985971786246731,1.0,8.0,8.0
crop1147,Heart,Chemical,Intercalated disc,8.0,155312,24.0,80.37285815529205,61.7641541037058,24.0,24.0,64.46625741703473,131.9311633902021,167.99199899978993,0.0,0.48474039353044196,0.5263598434119707,0.8739569382919543,1.0,8.0,8.0
crop1145,Heart,Chemical,Cardiac interstitial,8.0,105677,37.20225231898308,84.45316649130194,27.98340401312207,59.83121960419024,66.28306628628832,76.81231704527967,91.08131845707604,120.93251483406945,0.0,0.0002271071283249903,0.5610208465418208,0.9651106674110733,1.0,8.0,8.0
crop1036,Cortex,Chemical,,8.0,56168,24.0,33.21027093784436,9.270162158702345,24.0,27.31370849898476,30.627416997969522,37.856406460551014,45.48446176226374,0.0,0.7973045150263495,1.0,1.0,1.0,2.0,8.0
crop1034,Cortex,Chemical,,8.0,48884,24.0,29.85414450771246,8.28751178479415,24.0,24.0,27.31370849898476,33.17011495953578,41.88854381999832,0.0,0.8873660093282055,0.9993863022665903,1.0,1.0,2.0,8.0
crop1146,Heart,Chemical,Cardiac interstitial,8.0,243838,24.0,115.3881927427302,82.84304533479414,43.77708763999664,57.16041532081272,82.18393163823416,152.0,242.3252968525388,0.0,0.08163616827565844,0.4850023376175986,0.7676039009506311,0.9703983792517983,8.0,8.0
crop1123,Liver,Rapid HPF,Hepatocyte lateral,8.0,65808,24.0,42.339600321682575,25.45153051639142,24.0,27.31370849898476,27.31370849898476,48.51596081796784,87.81454440968857,0.0,0.6814824945295405,0.87539508874301,1.0,1.0,8.0,8.0
crop1032,Kidney,Chemical,PCT base,8.0,411088,24.0,94.21600338946547,92.58685161052325,24.0,24.0,35.31370849898476,154.20467975244782,248.94955372469158,0.0,0.5245567858949909,0.6123214494220216,0.7609660218736621,0.9841420815007978,4.0,8.0
crop1038,Liver,Chemical,Space of Disse,8.0,265908,24.0,135.44687622238408,140.31565722045468,35.31370849898476,54.62741699796952,88.7610552661839,163.12575543732254,279.2922762023021,0.0,0.1373821020804188,0.4469741414323751,0.7433473231343172,0.9273545737623539,4.0,8.0
crop1035,Cortex,Chemical,,8.0,49963,24.0,28.30964389124158,8.736386549742546,24.0,24.0,24.0,27.31370849898476,39.74495028054933,0.0,0.910313632087745,0.9981786522026299,1.0,1.0,2.0,8.0
crop1042,Liver,Chemical,Bile canaliculus,8.0,190048,24.0,91.40857293680078,67.2053880036463,33.17011495953578,43.59591794226542,57.29822128134704,131.3907384742605,197.3133456767161,0.0,0.20029150530392323,0.6084831200538812,0.8240181427849806,0.9990739181680418,4.0,8.0
crop1041,Liver,Chemical,Space of Disse,8.0,186609,24.0,101.6388963459376,66.56853230825435,39.74495028054933,56.0,84.66060555964671,127.18642930896227,188.662310815379,0.0,0.1081887797480293,0.46585641635719605,0.8448252763800246,0.9891752273470197,4.0,8.0
crop1039,Liver,Chemical,Bile canaliculus,8.0,196512,24.0,150.68657933989195,185.73826106905668,24.0,30.627416997969522,54.62741699796952,203.61014579826522,439.5510202598659,0.0,0.39824031102426316,0.5839643380556913,0.7047101449275363,0.8386205422569614,4.0,8.0
crop1033,Cortex,Chemical,,8.0,50081,24.0,27.899490214343295,5.9160822948161815,24.0,24.0,24.0,30.627416997969522,35.712812921102035,0.0,0.9468860446077355,1.0,1.0,1.0,2.0,8.0
crop1040,Liver,Chemical,Bile canaliculus,8.0,181147,24.0,102.85074173996468,90.70506062373195,24.0,32.0,58.5329983228432,158.79086241436883,245.8473589012499,0.0,0.3517529961854185,0.5793250785273838,0.7527367276300463,0.9773388463513059,4.0,8.0
crop1043,Liver,Chemical,Space of Disse,8.0,370067,24.0,77.57017759917787,53.72239128224946,24.0,37.20225231898308,61.0659966456864,101.28513943710115,154.18894796396563,0.0,0.2843647231447278,0.6367198372186658,0.90947314945672,0.9974815371270608,4.0,8.0
crop1030,Kidney,Chemical,DCT base,8.0,412937,24.0,70.5613546777867,52.51827897725121,24.0,24.0,33.17011495953578,121.13708498984761,147.43642627390182,0.0,0.526738945650305,0.5968779741219605,0.9509561991296493,1.0,4.0,8.0
crop1044,Liver,Chemical,Hepatocyte lateral,8.0,127510,24.0,137.4768880853745,89.16920782879828,39.74495028054933,63.377408526555115,115.79353639438659,197.97872099576585,268.18913635481636,0.0,0.10971688495019999,0.34153399733354245,0.6446866912399027,0.9653987922515881,4.0,8.0
crop1125,Liver,Rapid HPF,Hepatocyte lateral,8.0,147437,24.0,34.34859903881794,21.126609541784042,24.0,27.31370849898476,27.31370849898476,30.627416997969522,53.254833995939045,0.0,0.8600961766720701,0.9436437257947462,0.9990843546735215,1.0,8.0,8.0
crop1046,Cortex,Chemical,,8.0,85371,24.0,36.48468031852801,12.563153589251536,24.0,27.31370849898476,33.17011495953578,43.77708763999664,54.62741699796952,0.0,0.6958451933326305,0.9954434175539704,1.0,1.0,2.0,8.0
crop1045,Cortex,Chemical,,8.0,70312,24.0,31.909938074192812,9.263451530980806,24.0,24.0,27.31370849898476,37.20225231898308,43.77708763999664,0.0,0.8193764933439527,0.9986204346342018,1.0,1.0,2.0,8.0
crop1037,Cortex,Chemical,,8.0,93391,24.0,168.82470766839148,202.76387394424313,24.0,35.712812921102035,63.23148037553857,275.23873928318454,474.31952396874226,0.0,0.28119411934768873,0.6446659742373462,0.6807401141437611,0.7834480838624707,2.0,8.0
crop1127,Liver,Rapid HPF,Hepatocyte lateral,8.0,157903,24.0,44.89788719450547,23.10252996456406,27.31370849898476,32.0,40.0,45.48446176226374,66.77766929790344,0.0,0.4128357282635542,0.9261825297809415,0.9964155209210718,1.0,8.0,8.0
crop1026,Kidney,Chemical,Glomerular,8.0,510898,24.0,122.88929310786338,75.43224149546468,43.59591794226542,63.377408526555115,103.27181319605603,171.10066734650545,232.84668124753557,0.0,0.08615222608035264,0.3702422009872812,0.7186502981025567,0.9873340666825864,4.0,8.0
crop1027,Kidney,Chemical,Glomerular,8.0,523064,24.0,130.56631513163848,84.82324344075597,39.74495028054933,65.64607201529357,120.45338528679123,167.19595949289334,235.6546583584077,0.0,0.10173324870379151,0.3327107199119037,0.7105249070859397,0.9566362816022513,4.0,8.0
crop1136,Kidney,Rapid HPF,DCT base,8.0,654899,24.0,46.74332836588824,21.617444701941135,24.0,32.0,41.452324402816444,54.62741699796952,74.92597050189556,0.0,0.45388372863601867,0.9169413909625759,0.9996686511965968,1.0,8.0,8.0
crop1124,Liver,Rapid HPF,Hepatocyte lateral,8.0,241449,24.0,34.18936207640515,11.49109650861173,27.31370849898476,27.31370849898476,30.627416997969522,35.31370849898476,49.88854381999832,0.0,0.8325112135482027,0.9903457873091212,1.0,1.0,8.0,8.0
crop1074,Liver,Rapid HPF,Bile canaliculus,8.0,335658,24.0,110.92066454830513,93.78283439931784,24.0,37.856406460551014,77.645450564588,153.6715641555898,257.6137197838638,0.0,0.2673584422239303,0.509387531356321,0.7620256332338273,0.9567208289389796,8.0,8.0
crop1073,Liver,Rapid HPF,Bile canaliculus,8.0,455007,24.0,116.82175346834607,125.77265439309515,27.31370849898476,33.17011495953578,57.29822128134704,140.85009194892865,343.236359682935,0.0,0.34038597208394594,0.6373088765667342,0.7685925711033017,0.8819578599889673,8.0,8.0
crop1072,Liver,Rapid HPF,Bile canaliculus,8.0,165479,24.0,67.89032690311771,50.24134870442395,24.0,24.0,50.22333494023495,101.1331166241651,143.75140425906704,0.0,0.44572423086917373,0.6568325890294237,0.9352364952652602,1.0,8.0,8.0
crop1075,Liver,Rapid HPF,Bile canaliculus,8.0,277542,24.0,57.93262973685103,29.341599412211387,27.31370849898476,35.31370849898476,50.22333494023495,73.71034673418816,99.08131845707604,0.0,0.3608102557450764,0.8044656304271065,0.9941053966606855,1.0,8.0,8.0
crop1134,Kidney,Rapid HPF,Glomerular,8.0,682553,24.0,179.57366699028177,185.09126430779466,62.245811243945234,94.16263691415206,159.36651290049394,208.47942537826668,259.96620353760017,0.0,0.013289810461605179,0.18950469780368703,0.5024767307447188,0.9580340281267535,8.0,8.0
crop1071,Liver,Rapid HPF,Hepatocyte lateral,8.0,1140823,24.0,94.23407819911242,87.22955319734828,27.31370849898476,37.20225231898308,65.68882040742383,112.66210024238575,198.30196707451358,0.0,0.2826371838576186,0.596218694749317,0.8597135576684551,0.9608387979555111,8.0,8.0
crop1031,Kidney,Chemical,PCT lateral,8.0,110091,24.0,31.78882962044096,8.363589898414459,24.0,24.0,29.856406460551018,37.856406460551014,43.77708763999664,0.0,0.7967681281848652,1.0,1.0,1.0,4.0,8.0
crop1141,Cortex,Rapid HPF,,8.0,1058461,24.0,39.09905960975599,18.378552675287313,24.0,27.31370849898476,30.627416997969522,45.48446176226374,65.64607201529357,0.0,0.6817039078435577,0.9554900936359488,0.9999300871737362,1.0,8.0,8.0
crop1126,Liver,Rapid HPF,Hepatocyte lateral,8.0,258280,27.31370849898476,39.52611424046783,25.460065636836475,27.31370849898476,27.31370849898476,32.0,35.31370849898476,58.5329983228432,0.0,0.8631059315471581,0.9179224097878271,0.9987532910020133,1.0,8.0,8.0
crop1144,Kidney,Rapid HPF,DCT base,8.0,1319374,24.0,48.47868392729047,18.454750144930276,35.31370849898476,41.452324402816444,45.48446176226374,50.22333494023495,59.712812921102035,0.0,0.20823056995211364,0.962271501484795,0.9934976738968632,1.0,8.0,8.0
crop1116,Cortex,Rapid HPF,,8.0,5437062,24.0,43.55342548914231,33.61848360710648,24.0,24.0,27.31370849898476,50.22333494023495,86.85840609707267,0.0,0.6724289699105878,0.8823390279529643,0.9841476885862255,0.9999284540069618,8.0,8.0
crop1138,Kidney,Rapid HPF,PCT lateral,8.0,239692,24.0,43.16002009453827,12.464946875592728,27.31370849898476,35.31370849898476,41.88854381999832,48.51596081796784,57.29822128134704,0.0,0.3770880963903676,0.9845885553126512,1.0,1.0,8.0,8.0
crop1135,Kidney,Rapid HPF,Glomerular,8.0,401011,24.0,114.58430694098868,81.84520271229786,24.0,43.77708763999664,91.08131845707604,173.10676428876894,237.8473589012499,0.0,0.2228467548271743,0.4498928957061028,0.7156162798526724,0.987439247302443,8.0,8.0
crop1148,Heart,Chemical,Intercalated disc,8.0,335050,24.0,58.547379334375336,20.734162197768544,41.88854381999832,47.191835884530846,54.62741699796952,63.377408526555115,76.76193264493793,0.0,0.06961349052380242,0.9138576331890763,0.9939800029846292,1.0,8.0,8.0
crop1149,Heart,Rapid HPF,Cardiac interstitial,8.0,210175,24.0,104.70398622784768,57.12457180790112,37.20225231898308,56.0,97.03781962938027,146.1006344390961,177.67166937444188,0.0,0.12347805400261687,0.4130082074461758,0.8287998096824075,0.9964029975020816,8.0,8.0
crop1150,Heart,Rapid HPF,Cardiac interstitial,8.0,315079,24.0,153.49115117443904,159.9441200864327,33.17011495953578,51.59591794226542,84.71516196311828,163.94006850231247,433.5328136593407,0.0,0.15675751160819984,0.46827303628613776,0.7465873638039984,0.8347176422421043,8.0,8.0
crop1151,Heart,Rapid HPF,Intercalated disc,8.0,314558,24.0,33.684205888566204,7.1937570611554795,24.0,30.627416997969522,33.17011495953578,37.20225231898308,40.0,0.0,0.838843710857775,0.999408694104108,1.0,1.0,8.0,8.0
crop1152,Heart,Rapid HPF,Intercalated disc,8.0,90395,24.0,141.35543877952873,88.53316110111955,27.31370849898476,43.59591794226542,162.7120838066049,214.12219496857233,250.90862171278175,0.0,0.21581945904087615,0.37315116986558994,0.4912882349687483,0.994413407821229,8.0,8.0
crop1118,Liver,Chemical,Hepatocyte lateral,8.0,61612,24.0,35.34075039975006,27.810668871730606,27.31370849898476,27.31370849898476,27.31370849898476,30.627416997969522,35.31370849898476,0.0,0.9239920794650393,0.9417808219178082,0.9881516587677726,0.99922093098747,8.0,8.0
crop1119,Liver,Chemical,Hepatocyte lateral,8.0,73506,24.0,41.08597555518373,28.424093146207458,24.0,24.0,27.31370849898476,43.77708763999664,81.94112549695427,0.0,0.7245667020379288,0.8951650205425408,0.9945038500258482,1.0,8.0,8.0
crop1120,Liver,Chemical,Hepatocyte lateral,8.0,102934,24.0,43.065631138170396,24.53546984229399,27.31370849898476,27.31370849898476,30.627416997969522,51.59591794226542,73.96969000988257,0.0,0.6383216429945402,0.9235529562632366,0.9935881244292459,1.0,8.0,8.0
crop1121,Liver,Chemical,Hepatocyte lateral,8.0,88850,27.31370849898476,29.333567016610495,9.111960380017873,27.31370849898476,27.31370849898476,27.31370849898476,27.31370849898476,30.627416997969522,0.0,0.9666629150253235,0.9901857062464828,0.9997974113674732,1.0,8.0,8.0
crop1122,Liver,Chemical,Hepatocyte lateral,8.0,112046,24.0,51.61669968656698,41.82302388000199,24.0,24.0,30.627416997969522,61.0659966456864,116.459508194416,0.0,0.6185762990200453,0.8198954001035289,0.9635417596344359,1.0,8.0,8.0
