tissue,region_group,prep,n_crops,abs_curvature_p50_nm-1_median,abs_curvature_p50_nm-1_iqr_lo,abs_curvature_p50_nm-1_iqr_hi,abs_deviation_p50_nm_median,abs_deviation_p50_nm_iqr_lo,abs_deviation_p50_nm_iqr_hi,gap_p50_nm_median,gap_p50_nm_iqr_lo,gap_p50_nm_iqr_hi,frac_convex_median,frac_convex_iqr_lo,frac_convex_iqr_hi,frac_protrusion_median,frac_protrusion_iqr_lo,frac_protrusion_iqr_hi,gap_bounded_frac_median,gap_bounded_frac_iqr_lo,gap_bounded_frac_iqr_hi
Cortex,,Chemical,7,0.002632430288940668,0.0017780981725081801,0.003667237935587764,1.8652039766311646,1.0835669040679932,2.216097354888916,16.0,16.0,35.7770881652832,0.554656374501992,0.4551336146272855,0.8343848580441641,0.5863904200722296,0.46216596343178623,0.8902909218366631,0.0,0.0,0.066
Cortex,,Rapid HPF,5,0.0025422489270567894,0.001857826195191592,0.0035830753622576594,1.6998517513275146,1.1760715246200562,2.589737296104431,27.712812423706055,22.627416610717773,27.712812423706055,0.6388840574668662,0.5616093659221097,0.6815107943684455,0.6741920896093505,0.5743782530847079,0.715672889697281,0.01,0.0035,0.0135
Heart,Cardiac interstitial,Chemical,2,0.0048631487879902124,0.0028850636444985867,0.006841233931481838,2.5433552265167236,1.6845929622650146,3.4021174907684326,91.21133422851562,90.5096664428711,91.91300201416016,0.6301308104452337,0.6229167996935061,0.6373448211969612,0.6496175949393401,0.6422961496711577,0.6569390402075227,0.261,0.193,0.329
Heart,Intercalated disc,Chemical,2,0.002551588462665677,0.002115852665156126,0.002987324260175228,1.6658415794372559,1.3936803340911865,1.9380028247833252,35.31370830535889,22.627416610717773,48.0,0.5023880395100344,0.5008139264476263,0.5039621525724424,0.5098100744642652,0.5050857480780603,0.5145344008504701,0.07150000000000001,0.058,0.085
Heart,Cardiac interstitial,Rapid HPF,2,0.00305423850659281,0.0027917083352804184,0.003316768677905202,1.8173531293869019,1.6749337911605835,1.9597724676132202,88.12079620361328,81.58431243896484,94.65727996826172,0.5849448530663984,0.5757619588800496,0.5941277472527473,0.5944912938144096,0.5941277472527473,0.594854840376072,0.1845,0.183,0.186
Heart,Intercalated disc,Rapid HPF,2,0.0034422664903104305,0.0029882355593144894,0.0038962974213063717,2.2201608419418335,1.864441156387329,2.575880527496338,110.65727996826172,32.0,189.31455993652344,0.4901436632598726,0.47013932964608457,0.5101479968736606,0.49295441371641124,0.47097047178650225,0.5149383556463203,0.2645,0.008,0.521
Kidney,Glomerular,Chemical,2,0.0036860585678368807,0.0036208098754286766,0.0037513072602450848,2.5011065006256104,2.46026349067688,2.541949510574341,87.25704956054688,73.32121276855469,101.19288635253906,0.6252090859031925,0.6037805078634058,0.6466376639429792,0.6401055244931357,0.6169262497311386,0.663284799255133,0.20350000000000001,0.183,0.224
Kidney,PCT brush border,Chemical,2,0.003790872055105865,0.003075462533161044,0.004506281577050686,2.837268829345703,2.3047945499420166,3.3697431087493896,41.8885440826416,35.7770881652832,48.0,0.8913660806247528,0.8206214689265536,0.9621106923229518,0.9372268463970743,0.8837772397094431,0.9906764530847054,0.148,0.013,0.283
Kidney,DCT base,Chemical,1,0.0020876696798950434,0.0020876696798950434,0.0020876696798950434,1.1993191242218018,1.1993191242218018,1.1993191242218018,22.627416610717773,22.627416610717773,22.627416610717773,0.4863842662632375,0.4863842662632375,0.4863842662632375,0.46850501994223626,0.46850501994223626,0.46850501994223626,0.067,0.067,0.067
Kidney,PCT lateral,Chemical,1,0.001630381215363741,0.001630381215363741,0.001630381215363741,0.783126950263977,0.783126950263977,0.783126950263977,22.627416610717773,22.627416610717773,22.627416610717773,0.4413087849377265,0.4413087849377265,0.4413087849377265,0.45788728287582786,0.45788728287582786,0.45788728287582786,0.303,0.303,0.303
Kidney,PCT base,Chemical,1,0.0030551692470908165,0.0030551692470908165,0.0030551692470908165,1.8222898244857788,1.8222898244857788,1.8222898244857788,65.96968841552734,65.96968841552734,65.96968841552734,0.6218980867588558,0.6218980867588558,0.6218980867588558,0.6266717181284334,0.6266717181284334,0.6266717181284334,0.149,0.149,0.149
Kidney,Glomerular,Rapid HPF,2,0.004691527923569083,0.003907482605427504,0.005475573241710663,3.1391762495040894,2.6012439727783203,3.6771085262298584,144.49906539916992,57.688819885253906,231.30931091308594,0.6925876856132958,0.6204310562137636,0.764744315012828,0.70186748272888,0.6153264431560374,0.7884085223017226,0.3135,0.152,0.475
Kidney,DCT base,Rapid HPF,3,0.0025322125293314457,0.0021660318598151207,0.0028682565316557884,1.4095158576965332,1.1934618949890137,1.7746895551681519,39.191837310791016,27.712812423706055,45.25483322143555,0.4559416045912642,0.43852062476551545,0.46861990025617084,0.4366082783827977,0.4309776277076792,0.4757933488608537,0.071,0.032,0.269
Kidney,PCT lateral,Rapid HPF,1,0.0062606194987893105,0.0062606194987893105,0.0062606194987893105,3.9215087890625,3.9215087890625,3.9215087890625,96.0,96.0,96.0,0.45303299689703425,0.45303299689703425,0.45303299689703425,0.45312764073200246,0.45312764073200246,0.45312764073200246,0.413,0.413,0.413
Liver,Space of Disse,Chemical,3,0.0063162920996546745,0.004322158172726631,0.00632609985768795,3.924154758453369,3.073488473892212,4.185070514678955,112.0,57.688819885253906,120.79734802246094,0.6482643869413047,0.6343501402163337,0.6998308330080122,0.6620001147512766,0.6275014784715466,0.7021545554254272,0.179,0.106,0.346
Liver,Bile canaliculus,Chemical,3,0.007499606814235449,0.005256932694464922,0.007756857667118311,4.4125189781188965,3.282005548477173,4.542792797088623,53.06599807739258,32.0,59.866519927978516,0.5955644474714796,0.5797689563766076,0.6417793106946311,0.5652714598946231,0.554146092286736,0.644822601506429,0.099,0.025,0.11
Liver,Hepatocyte lateral,Chemical,3,0.002341517945751548,0.002329078037291765,0.0024768190924078226,1.4153058528900146,1.2478539943695068,1.4643161296844482,27.712812423706055,22.627416610717773,27.712812423706055,0.5062217481842654,0.452716643741403,0.5449115552492534,0.5185636649906039,0.46125630444750115,0.558293131173903,0.052,0.044,0.219
Liver,Bile canaliculus,Rapid HPF,4,0.003549083834514022,0.003143016656395048,0.004212051106151193,1.973273515701294,1.839653491973877,2.1610997319221497,51.831220626831055,48.64911079406738,69.55148983001709,0.5497450720374808,0.5237668469580592,0.5832880042738042,0.533093170047514,0.5136724982407672,0.5812798496394277,0.06,0.040499999999999994,0.13199999999999998
Liver,Hepatocyte lateral,Rapid HPF,5,0.0015033893287181854,0.0013701559510082006,0.0017660142038948834,0.7571429014205933,0.6558203399181366,0.9940645694732666,27.712812423706055,25.170114517211914,33.8885440826416,0.5127446943893401,0.5084508478536498,0.5375322662720229,0.5265259555048488,0.5187732186484886,0.5524290730424153,0.006,0.004,0.0325
