crop,tissue,prep,region_group,anatomy,voxel_nm,patch_faces,ecs_frac,gap_bounded_frac,n_curvature_kept,n_deviation_kept,n_gap_kept,curvature_p10_nm-1,curvature_p50_nm-1,curvature_p90_nm-1,abs_curvature_p50_nm-1,abs_curvature_p90_nm-1,frac_convex,frac_concave,deviation_p10_nm,deviation_p50_nm,deviation_p90_nm,abs_deviation_p50_nm,abs_deviation_p90_nm,frac_protrusion,frac_indent,gap_p10_nm,gap_p50_nm,gap_p90_nm
crop1033,Cortex,Chemical,,Unmyelinated nerve fibers,16.0,19700,0.0477,0.0,9240,9240,10314,-0.006150025874376297,-0.0011176051339134574,0.007509911432862282,0.003667237935587764,0.008940725587308407,0.4173160173160173,0.5826839826839827,-3.4621641635894775,-0.6518487930297852,4.237194061279297,2.216097354888916,4.701375484466553,0.43474025974025976,0.5652597402597402,0.0,16.0,22.627416610717773
crop1034,Cortex,Chemical,,Neuropil (synaptic cleft),16.0,7060,0.0867,0.0,3474,3474,3606,-0.0006566141964867711,0.004267570562660694,0.010927912779152393,0.004502787254750729,0.010959443636238575,0.8684513529073115,0.13154864709268854,0.33525997400283813,3.665708541870117,7.442709922790527,3.7519636154174805,7.442709922790527,0.9162348877374784,0.08376511226252159,16.0,16.0,27.712812423706055
crop1035,Cortex,Chemical,,Neuronal cell processes,16.0,15431,0.0433,0.0,7110,7110,7992,-0.005927628837525845,-0.000528794655110687,0.006764350924640894,0.0031046648509800434,0.00875383336097002,0.4551336146272855,0.5448663853727145,-3.1549835205078125,-0.24274811148643494,3.8950443267822266,1.913955807685852,4.489764213562012,0.46216596343178623,0.5378340365682138,16.0,16.0,22.627416610717773
crop1036,Cortex,Chemical,,Glial-neuronal (synaptic clefts),16.0,12206,0.1071,0.001,5706,5706,6220,-0.0008084361325018108,0.0024790281895548105,0.007105854339897633,0.002632430288940668,0.00711943581700325,0.8343848580441641,0.16561514195583596,-0.07623111456632614,1.8482218980789185,4.401768207550049,1.8652039766311646,4.401768207550049,0.8902909218366631,0.10970907816333683,16.0,22.627416610717773,35.7770881652832
crop1037,Cortex,Chemical,,Neurovascular (endothelium/glia/neurons),16.0,17515,0.3382,0.066,8032,8032,8423,-0.0036152491811662912,0.00037468477967195213,0.005705829709768295,0.001991068944334984,0.007010252680629492,0.554656374501992,0.445343625498008,-1.8633431196212769,0.21850809454917908,3.202160596847534,1.0835669040679932,3.7043135166168213,0.5617529880478087,0.43824701195219123,22.627416610717773,48.0,65.96968841552734
crop1045,Cortex,Chemical,,Neurovascular (mixed nerve fibers),16.0,9177,0.1469,0.339,4243,4243,3174,-0.0025694062933325768,0.00036843246198259294,0.0033120939042419195,0.001483895001001656,0.0039699203334748745,0.5790714117369785,0.42092858826302143,-1.2662626504898071,0.47537052631378174,2.0370380878448486,0.928310751914978,2.2037181854248047,0.6471835965119019,0.35281640348809806,32.0,35.7770881652832,45.25483322143555
crop1046,Cortex,Chemical,,Neurovascular (myelinated/unmyelinated fibers),16.0,11343,0.1665,0.0,5261,5261,5905,-0.003528620582073927,0.00025354415993206203,0.0037487864028662443,0.0017780981725081801,0.004797528963536024,0.5381106253563961,0.46188937464360386,-1.993007779121399,0.36813315749168396,2.3799362182617188,1.1698427200317383,2.8915231227874756,0.5863904200722296,0.41360957992777037,16.0,16.0,22.627416610717773
crop1116,Cortex,Rapid HPF,,,16.0,193740,0.1995,0.013,95248,95248,96351,-0.00321568944491446,4.985382838640362e-05,0.0031592329032719135,0.0015884145395830274,0.004255174193531275,0.508966067528977,0.491033932471023,-1.894325852394104,0.057426389306783676,1.8279714584350586,0.9835383892059326,2.4055423736572266,0.5154648916512683,0.48453510834873176,16.0,22.627416610717773,64.0
crop1140,Cortex,Rapid HPF,,Neuropil (unmyelinated fibers),16.0,82061,0.1471,0.003,39974,39974,41331,-0.003440039698034525,0.0021711327135562897,0.01139914896339178,0.003530604299157858,0.011547904461622238,0.6723620353229599,0.3276379646770401,-2.1347618103027344,1.8921010494232178,7.307864665985107,2.5897793769836426,7.322833061218262,0.7081603041977286,0.2918396958022715,16.0,27.712812423706055,48.0
crop1141,Cortex,Rapid HPF,,,16.0,106668,0.0959,0.004,52734,52734,53343,-0.003661532187834382,0.001010718522593379,0.006570853758603334,0.0025422489270567894,0.007394319400191307,0.6142526643152425,0.38574733568475744,-2.173962354660034,0.8083413243293762,4.2566609382629395,1.6998517513275146,4.5977582931518555,0.6332916145181476,0.3667083854818523,22.627416610717773,27.712812423706055,48.0
crop1142,Cortex,Rapid HPF,,Unmyelinated nerve fibers,16.0,61341,0.1248,0.01,28747,28747,30903,-0.0029728191439062357,0.0010249698534607887,0.005186563357710838,0.0021272378508001566,0.005822926294058561,0.6388840574668662,0.3611159425331339,-1.540557622909546,0.8243159055709839,3.1986827850341797,1.3686046600341797,3.451667547225952,0.6741920896093505,0.32580791039064944,16.0,22.627416610717773,45.25483322143555
crop1143,Cortex,Rapid HPF,,Unmyelinated nerve fibers,16.0,47939,0.1815,0.014,23243,23243,24011,-0.0035530822351574898,0.0023050541058182716,0.010937442071735859,0.003635546425357461,0.011811058036983013,0.690659553413931,0.3093404465860689,-2.0688064098358154,1.8953578472137451,7.079455375671387,2.5896952152252197,7.3851752281188965,0.7231854751968334,0.27681452480316654,22.627416610717773,27.712812423706055,64.0
crop1145,Heart,Chemical,Cardiac interstitial,Interstitial,16.0,64771,0.3149,0.329,31322,31322,22118,-0.008593122474849224,0.0011267485097050667,0.007427581585943699,0.0028850636444985867,0.013379639014601707,0.6229167996935061,0.37708320030649384,-4.1940016746521,0.7557024359703064,3.8650059700012207,1.6845929622650146,6.582776069641113,0.6422961496711577,0.35770385032884233,59.866519927978516,91.91300201416016,270.5845642089844
crop1146,Heart,Chemical,Cardiac interstitial,Interstitial,16.0,44936,0.2012,0.193,21588,21588,18441,-0.0241145770996809,0.0025627603754401207,0.012071996927261353,0.006841233931481838,0.025878727436065674,0.6373448211969612,0.3626551788030387,-9.641887664794922,1.573068618774414,5.449031829833984,3.4021174907684326,9.882344245910645,0.6569390402075227,0.3430609597924773,35.7770881652832,90.5096664428711,209.22714233398438
crop1147,Heart,Chemical,Intercalated disc,Intercalated disc,16.0,62354,0.1121,0.085,30101,30101,28928,-0.004455051384866238,9.61606656346703e-06,0.005195944104343653,0.002115852665156126,0.007345300167798996,0.5008139264476263,0.49918607355237365,-2.723869800567627,0.08004633337259293,3.2844033241271973,1.3936803340911865,4.559401988983154,0.5145344008504701,0.4854655991495299,16.0,22.627416610717773,144.0
crop1148,Heart,Chemical,Intercalated disc,Intercalated disc,16.0,141304,0.0908,0.058,67640,67640,67523,-0.00630924804136157,4.902324144495651e-05,0.007346069905906916,0.002987324260175228,0.010063276626169682,0.5039621525724424,0.49603784742755763,-3.9232475757598877,0.03062199428677559,4.74588680267334,1.9380028247833252,5.986184597015381,0.5050857480780603,0.49491425192193966,39.191837310791016,48.0,69.74238586425781
crop1149,Heart,Rapid HPF,Cardiac interstitial,Interstitial,16.0,60829,0.2126,0.183,29120,29120,25330,-0.007814580574631691,0.0009901716839522123,0.007440038025379181,0.003316768677905202,0.011273602955043316,0.5941277472527473,0.40587225274725275,-4.362054347991943,0.6317055225372314,4.568158149719238,1.9597724676132202,6.352906227111816,0.5941277472527473,0.40587225274725275,35.7770881652832,94.65727996826172,167.04490661621094
crop1150,Heart,Rapid HPF,Cardiac interstitial,Interstitial,16.0,101052,0.3839,0.186,48395,48395,41808,-0.005922041833400726,0.000639550678897649,0.008144322782754898,0.0027917083352804184,0.010848231613636017,0.5757619588800496,0.4242380411199504,-3.5130608081817627,0.4846637547016144,5.596170902252197,1.6749337911605835,6.735005855560303,0.594854840376072,0.4051451596239281,35.7770881652832,81.58431243896484,217.62353515625
crop1151,Heart,Rapid HPF,Intercalated disc,Intercalated disc,16.0,138389,0.0452,0.008,66174,66174,69503,-0.007323243655264378,-0.00031005783239379525,0.006418102420866489,0.0029882355593144894,0.010213603265583515,0.47013932964608457,0.5298606703539155,-4.248728275299072,-0.19351056218147278,3.8555428981781006,1.864441156387329,5.712021350860596,0.47097047178650225,0.5290295282134978,22.627416610717773,32.0,35.7770881652832
crop1152,Heart,Rapid HPF,Intercalated disc,Intercalated disc,16.0,82682,0.2,0.521,39663,39663,20075,-0.00969014409929514,0.00011508385796332732,0.009716084226965904,0.0038962974213063717,0.014386552385985851,0.5101479968736606,0.4898520031263394,-5.66098165512085,0.10999754816293716,5.96060037612915,2.575880527496338,7.544235706329346,0.5149383556463203,0.48506164435367977,27.712812423706055,189.31455993652344,314.3501281738281
crop1026,Kidney,Chemical,Glomerular,Glomerular interstitium,16.0,162776,0.355,0.183,79037,79037,67362,-0.0066943056881427765,0.0013353232061490417,0.007822218351066113,0.0037513072602450848,0.010182795114815235,0.6037805078634058,0.39621949213659424,-4.139298915863037,1.0261777639389038,5.074738502502441,2.541949510574341,6.163601398468018,0.6169262497311386,0.3830737502688614,45.25483322143555,101.19288635253906,263.8787536621094
crop1027,Kidney,Chemical,Glomerular,Glomerular interstitium,16.0,129021,0.4451,0.224,62293,62293,50630,-0.004946982953697443,0.0018208780093118548,0.008562043309211731,0.0036208098754286766,0.009766689501702785,0.6466376639429792,0.35336233605702083,-3.090468406677246,1.4043216705322266,5.380181789398193,2.46026349067688,5.909979343414307,0.663284799255133,0.336715200744867,32.0,73.32121276855469,167.80941772460938
crop1028,Kidney,Chemical,PCT brush border,PCT brush border,16.0,10394,0.5964,0.283,4956,4956,3842,-0.0013719031121581793,0.0027504130266606808,0.0069860732182860374,0.003075462533161044,0.007164085749536753,0.8206214689265536,0.17937853107344634,-0.16571402549743652,2.2307143211364746,4.359759330749512,2.3047945499420166,4.505797386169434,0.8837772397094431,0.1162227602905569,16.0,35.7770881652832,147.51271057128906
crop1029,Kidney,Chemical,PCT brush border,PCT brush border,16.0,10170,0.7455,0.013,5041,5041,5052,0.0012826945167034864,0.004497561138123274,0.0087449811398983,0.004506281577050686,0.0087449811398983,0.9621106923229518,0.037889307677048206,1.7416930198669434,3.3697431087493896,5.446627140045166,3.3697431087493896,5.446627140045166,0.9906764530847054,0.009323546915294585,22.627416610717773,48.0,218.21090698242188
crop1030,Kidney,Chemical,DCT base,DCT base,16.0,61003,0.1945,0.067,29084,29084,29007,-0.004341571591794491,-0.00010233084321953356,0.004428264684975147,0.0020876696798950434,0.006267197895795107,0.4863842662632375,0.5136157337367625,-2.545400619506836,-0.12287789583206177,2.348904848098755,1.1993191242218018,3.2147741317749023,0.46850501994223626,0.5314949800577637,16.0,22.627416610717773,39.191837310791016
crop1031,Kidney,Chemical,PCT lateral,PCT lateral,16.0,97903,0.0143,0.303,48014,48014,34762,-0.0039177038706839085,-0.00025552944862283766,0.002892803866416216,0.001630381215363741,0.004748285748064518,0.4413087849377265,0.5577539884200442,-1.851580023765564,-0.11109685897827148,1.4685484170913696,0.783126950263977,2.3097121715545654,0.45788728287582786,0.5421127171241721,16.0,22.627416610717773,45.25483322143555
crop1032,Kidney,Chemical,PCT base,PCT base,16.0,55646,0.3021,0.149,26395,26395,24089,-0.005639765411615372,0.0012280191294848919,0.0064720879308879375,0.0030551692470908165,0.008594734594225883,0.6218980867588558,0.37810191324114417,-3.1791160106658936,0.8165186643600464,3.5505712032318115,1.8222898244857788,4.459906578063965,0.6266717181284334,0.3733282818715666,16.0,65.96968841552734,130.96563720703125
crop1134,Kidney,Rapid HPF,Glomerular,Glomerular interstitium,16.0,129094,0.6465,0.475,62753,62753,34399,-0.0034112867433577776,0.0043322001583874226,0.02008766680955887,0.005475573241710663,0.020388614386320114,0.764744315012828,0.23525568498717192,-1.87198805809021,3.121203660964966,10.312567710876465,3.6771085262298584,10.347539901733398,0.7884085223017226,0.21159147769827738,167.80941772460938,231.30931091308594,357.05462646484375
crop1135,Kidney,Rapid HPF,Glomerular,Glomerular interstitium,16.0,98984,0.3478,0.152,47604,47604,42622,-0.007649739272892475,0.0015387816820293665,0.010006110183894634,0.003907482605427504,0.01424271147698164,0.6204310562137636,0.37956894378623646,-4.617150783538818,1.025309681892395,6.038812637329102,2.6012439727783203,7.605020999908447,0.6153264431560374,0.3846735568439627,22.627416610717773,57.688819885253906,176.72576904296875
crop1136,Kidney,Rapid HPF,DCT base,DCT base,16.0,192564,0.0894,0.071,93569,93569,90672,-0.010517626069486141,-0.0003815752570517361,0.006146647501736879,0.0028682565316557884,0.013720888644456863,0.4559416045912642,0.5438873986042386,-5.660943508148193,-0.38326770067214966,3.4312713146209717,1.7746895551681519,6.886169910430908,0.4366082783827977,0.5633917216172023,22.627416610717773,39.191837310791016,145.76693725585938
crop1137,Kidney,Rapid HPF,DCT base,DCT base,16.0,105613,0.1469,0.032,50643,50643,52102,-0.0052360608242452145,-0.0004797067085746676,0.003885936690494418,0.0021660318598151207,0.006572313141077757,0.43852062476551545,0.5614793752344845,-2.8188886642456055,-0.2949492335319519,2.0522310733795166,1.1934618949890137,3.4194419384002686,0.4309776277076792,0.5690223722923208,16.0,27.712812423706055,71.5541763305664
crop1138,Kidney,Rapid HPF,PCT lateral,PCT lateral,16.0,306404,0.0898,0.413,147923,147923,91161,-0.015305759385228157,-0.0009912223322317004,0.011416162364184856,0.0062606194987893105,0.019185945391654968,0.45303299689703425,0.5469399620072606,-8.07262897491455,-0.6403427124023438,6.372264862060547,3.9215087890625,9.005839347839355,0.45312764073200246,0.5468723592679975,35.7770881652832,96.0,345.762939453125
crop1144,Kidney,Rapid HPF,DCT base,DCT base,16.0,622320,0.109,0.269,300971,300971,230315,-0.005399253685027361,-0.0002599435392767191,0.006356668192893267,0.0025322125293314457,0.009023004211485386,0.46861990025617084,0.5313169707380445,-2.6463699340820312,-0.12237708270549774,3.7897777557373047,1.4095158576965332,4.733790397644043,0.4757933488608537,0.5242066511391463,35.7770881652832,45.25483322143555,244.22940063476562
crop1038,Liver,Chemical,Space of Disse,Space of Disse,16.0,180024,0.5485,0.346,87145,87145,59760,-0.005854124668985605,0.00216022040694952,0.011301753111183643,0.004322158172726631,0.013634287752211094,0.6482643869413047,0.3517356130586953,-3.53314471244812,1.7001534700393677,7.214554786682129,3.073488473892212,7.953955173492432,0.6620001147512766,0.3379998852487234,35.7770881652832,112.0,262.9068298339844
crop1039,Liver,Chemical,Bile canaliculus,Bile canaliculus,16.0,62970,0.1914,0.025,30557,30557,31123,-0.012472725473344326,0.0012251875596120954,0.012244421057403088,0.005256932694464922,0.017883731052279472,0.5797689563766076,0.42023104362339236,-6.449981689453125,0.649813711643219,7.24379825592041,3.282005548477173,9.217720031738281,0.5652714598946231,0.4347285401053768,16.0,32.0,136.7040557861328
crop1040,Liver,Chemical,Bile canaliculus,Bile canaliculus,16.0,96097,0.223,0.11,46984,46984,43156,-0.01810515858232975,0.002594025805592537,0.013440805487334728,0.007499606814235449,0.021701902151107788,0.5955644474714796,0.40443555252852037,-7.7337727546691895,0.9110625982284546,7.15814733505249,4.4125189781188965,9.379595756530762,0.554146092286736,0.4458539077132641,16.0,53.06599807739258,265.81195068359375
crop1041,Liver,Chemical,Space of Disse,Space of Disse,16.0,108057,0.2688,0.179,52419,52419,44842,-0.009210796095430851,0.002955356612801552,0.014825021848082542,0.00632609985768795,0.018453001976013184,0.6343501402163337,0.3656498597836662,-4.662623882293701,1.9397549629211426,8.445337295532227,3.924154758453369,9.077068328857422,0.6275014784715466,0.3724985215284534,48.0,120.79734802246094,237.8571014404297
crop1042,Liver,Chemical,Bile canaliculus,Bile canaliculus,16.0,80631,0.1742,0.099,39431,39431,36595,-0.013035424053668976,0.003612431464716792,0.0164659284055233,0.007756857667118311,0.02234971709549427,0.6417793106946311,0.3582206893053689,-5.616593837738037,2.2919094562530518,8.467016220092773,4.542792797088623,9.50279426574707,0.644822601506429,0.35517739849357105,35.7770881652832,59.866519927978516,148.37789916992188
crop1043,Liver,Chemical,Space of Disse,Space of Disse,16.0,110817,0.2642,0.106,53793,53793,50057,-0.006967446766793728,0.004276586230844259,0.014165323227643967,0.0063162920996546745,0.0170725267380476,0.6998308330080122,0.3001691669919878,-3.7856907844543457,3.0612902641296387,8.122626304626465,4.185070514678955,8.814072608947754,0.7021545554254272,0.2978454445745729,16.0,57.688819885253906,150.94369506835938
crop1044,Liver,Chemical,Hepatocyte lateral,Hepatocyte lateral,16.0,102152,0.2179,0.232,49416,49416,39696,-0.010860811918973923,0.002375331474468112,0.012755099684000015,0.006063072010874748,0.01741630770266056,0.6093977659057795,0.3906022340942205,-5.220325469970703,1.294022798538208,6.887422561645508,3.598722457885742,8.055352210998535,0.5943419135502671,0.4056580864497329,45.25483322143555,116.48175811767578,203.01724243164062
crop1118,Liver,Chemical,Hepatocyte lateral,Hepatocyte lateral,16.0,34401,0.0467,0.151,15997,15997,15012,-0.005467957817018032,-0.00018458419071976095,0.0026148068718612194,0.0015059871366247535,0.00629088981077075,0.4638994811527161,0.5361005188472838,-3.3473012447357178,-0.007755184080451727,1.3462598323822021,0.7867834568023682,3.796569347381592,0.497093204975933,0.502906795024067,22.627416610717773,22.627416610717773,100.9351577758789
crop1119,Liver,Chemical,Hepatocyte lateral,Hepatocyte lateral,16.0,36853,0.0436,0.219,17448,17448,14728,-0.006887534167617559,-0.00038667506305500865,0.005423190072178841,0.0024768190924078226,0.009845640510320663,0.452716643741403,0.5472833562585969,-3.9739108085632324,-0.1809900999069214,3.3341121673583984,1.4153058528900146,5.687699317932129,0.46125630444750115,0.5387436955524989,16.0,22.627416610717773,59.866519927978516
crop1120,Liver,Chemical,Hepatocyte lateral,Hepatocyte lateral,16.0,36766,0.0471,0.044,17412,17412,17896,-0.004491366911679506,0.0003489038208499551,0.00629222160205245,0.002329078037291765,0.008230670355260372,0.5449115552492534,0.4550884447507466,-2.260819911956787,0.2544330954551697,3.394634246826172,1.2478539943695068,4.404364109039307,0.558293131173903,0.44170686882609694,22.627416610717773,27.712812423706055,59.866519927978516
crop1121,Liver,Chemical,Hepatocyte lateral,Hepatocyte lateral,16.0,39789,0.0151,0.011,19131,19131,19953,-0.002366455039009452,2.5669100978120696e-06,0.0024826473090797663,0.001060693059116602,0.0035293030086904764,0.5018556269928388,0.49662850870315195,-0.9808399081230164,0.02450650930404663,1.035420298576355,0.5031275749206543,1.44038987159729,0.515341592180231,0.484658407819769,22.627416610717773,22.627416610717773,27.712812423706055
crop1122,Liver,Chemical,Hepatocyte lateral,Hepatocyte lateral,16.0,40354,0.0307,0.052,19689,19689,19589,-0.005409971810877323,2.384185791015625e-06,0.0055438196286559105,0.002341517945751548,0.008376880548894405,0.5062217481842654,0.47869368683020974,-3.0520124435424805,0.02255476824939251,3.0514004230499268,1.4643161296844482,4.369848251342773,0.5185636649906039,0.4814363350093961,16.0,27.712812423706055,86.16263580322266
crop1071,Liver,Rapid HPF,Hepatocyte lateral,Hepatocyte lateral,16.0,360072,0.2796,0.107,175708,175708,162243,-0.009664317592978477,0.0007956065237522125,0.008987413719296455,0.0038135338108986616,0.014400162734091282,0.5614940697065586,0.43850593029344137,-5.218146800994873,0.49092233180999756,5.26085090637207,2.3592426776885986,7.345697402954102,0.5600769458419651,0.4399230541580349,27.712812423706055,97.32420349121094,249.41531372070312
crop1072,Liver,Rapid HPF,Bile canaliculus,Bile canaliculus,16.0,83069,0.039,0.152,39751,39751,35694,-0.010081546381115913,0.00015064983745105565,0.015518825501203537,0.0037520311307162046,0.019795365631580353,0.5177479811828634,0.4822520188171367,-4.538093566894531,0.033282000571489334,7.741161346435547,2.02541446685791,8.557811737060547,0.5095469296369902,0.4904530703630097,16.0,53.06599807739258,160.79800415039062
crop1073,Liver,Rapid HPF,Bile canaliculus,Bile canaliculus,16.0,165510,0.1416,0.048,81184,81184,79591,-0.0060459915548563,0.0007823638152331114,0.011961117386817932,0.003075310029089451,0.015188400633633137,0.5918284391013008,0.40817156089869927,-3.558295249938965,0.4557684361934662,7.090456485748291,1.8124938011169434,8.092889785766602,0.5949940875049271,0.4050059124950729,22.627416610717773,48.0,148.37789916992188
crop1074,Liver,Rapid HPF,Bile canaliculus,Bile canaliculus,16.0,103430,0.1014,0.072,50315,50315,48486,-0.008277538232505322,0.0005834659095853567,0.015365734696388245,0.004365391097962856,0.01876433938741684,0.5576666997913147,0.4423333002086853,-3.841092824935913,0.17305289208889008,7.873234748840332,2.2063281536102295,8.505817413330078,0.5401371360429296,0.45986286395707043,22.627416610717773,75.0466537475586,244.7529296875
crop1075,Liver,Rapid HPF,Bile canaliculus,Bile canaliculus,16.0,99083,0.0448,0.038,48370,48370,48120,-0.007729621138423681,0.00045070776832289994,0.013820233754813671,0.003346136538311839,0.017339523881673813,0.5418234442836469,0.45817655571635313,-4.062666416168213,0.15765804052352905,7.651577472686768,1.9211325645446777,8.336734771728516,0.5260492040520984,0.47395079594790157,27.712812423706055,50.59644317626953,112.0
crop1123,Liver,Rapid HPF,Hepatocyte lateral,Tight junction,16.0,28893,0.0253,0.047,14024,14024,14029,-0.002931667724624276,5.9182941186008975e-05,0.003032779786735773,0.0015033893287181854,0.003950722981244326,0.5112664004563605,0.4887335995436395,-1.4080082178115845,0.07493865489959717,1.5504950284957886,0.7571429014205933,1.9495800733566284,0.5265259555048488,0.4734740444951512,16.0,27.712812423706055,73.32121276855469
crop1124,Liver,Rapid HPF,Hepatocyte lateral,Hepatocyte lateral,16.0,105775,0.0193,0.005,51905,51905,53157,-0.0027848167810589075,2.4963355826912448e-05,0.002822019625455141,0.0013043192448094487,0.003944702912122011,0.5056352952509392,0.4943647047490608,-1.3566603660583496,0.03277287259697914,1.5265864133834839,0.6705872416496277,2.038137435913086,0.5145747037857624,0.4854252962142375,22.627416610717773,27.712812423706055,45.25483322143555
crop1125,Liver,Rapid HPF,Hepatocyte lateral,Hepatocyte lateral,16.0,60008,0.0313,0.003,29118,29118,30293,-0.002907257294282317,0.0003618322662077844,0.004623085260391235,0.001746198395267129,0.005346154328435659,0.5605810838656501,0.4394189161343499,-1.4187484979629517,0.24279776215553284,2.540544271469116,0.9240175485610962,2.8282783031463623,0.5749708084346452,0.42502919156535474,16.0,22.627416610717773,32.0
crop1126,Liver,Rapid HPF,Hepatocyte lateral,Tight junction,16.0,121784,0.0211,0.018,59965,59965,60340,-0.0034891809336841106,5.507438618224114e-05,0.003696089144796133,0.0017858300125226378,0.004830831196159124,0.5144834486783957,0.4848494955390645,-1.9328029155731201,0.08029511570930481,2.1635241508483887,1.064111590385437,2.6398255825042725,0.5229717335112148,0.4770282664887851,22.627416610717773,32.0,50.59644317626953
crop1127,Liver,Rapid HPF,Hepatocyte lateral,Hepatocyte lateral,16.0,54519,0.0398,0.006,26717,26717,27481,-0.0027572258841246367,5.142856025486253e-05,0.0030300088692456484,0.0014359926572069526,0.0037165379617363214,0.5127446943893401,0.4872553056106599,-1.2192463874816895,0.06499456614255905,1.5304144620895386,0.6410534381866455,1.9007954597473145,0.5298873376501853,0.47011266234981475,22.627416610717773,35.7770881652832,53.06599807739258
