crop,tissue,prep,region_group,voxel_nm,n_ecs_voxels,n_narrow_voxels,narrow_fraction,full_percentiles_nm_p10,full_percentiles_nm_p25,full_percentiles_nm_p50,full_percentiles_nm_p75,full_percentiles_nm_p90,narrow_percentiles_nm_p10,narrow_percentiles_nm_p25,narrow_percentiles_nm_p50,narrow_percentiles_nm_p75,narrow_percentiles_nm_p90,narrow_mean_nm,narrow_std_nm
crop1123,Liver,Rapid HPF,Hepatocyte lateral,8.0,202623,202623,1.0,8.0,8.0,11.313708498984761,24.0,35.77708763999664,8.0,8.0,11.313708498984761,24.0,35.77708763999664,17.22656611091063,11.95105923721991
crop1125,Liver,Rapid HPF,Hepatocyte lateral,8.0,316251,316251,1.0,8.0,8.0,8.0,16.0,32.0,8.0,8.0,8.0,16.0,32.0,14.390177954916803,11.703362393950107
crop1147,Heart,Chemical,Intercalated disc,8.0,902719,902719,1.0,8.0,13.856406460551018,29.93325909419153,50.59644256269407,68.35202996254024,8.0,13.856406460551018,29.93325909419153,50.59644256269407,68.35202996254024,34.62696575345034,23.552015021679544
crop1145,Heart,Chemical,Cardiac interstitial,8.0,2515797,1619281,0.6436453338643777,11.313708498984761,27.712812921102035,110.27239001672177,281.25433329995116,447.85712007290897,8.0,17.88854381999832,37.52332607858744,101.50862032359616,157.58172482873766,62.866212161271484,55.79834124330523
crop1127,Liver,Rapid HPF,Hepatocyte lateral,8.0,541640,541640,1.0,8.0,8.0,11.313708498984761,17.88854381999832,32.0,8.0,8.0,11.313708498984761,17.88854381999832,32.0,16.207741882905164,11.739325119638075
crop1146,Heart,Chemical,Cardiac interstitial,8.0,2024249,2016157,0.9960024680758148,8.0,16.0,29.93325909419153,61.44916598294886,100.55844071981228,8.0,16.0,29.93325909419153,61.44916598294886,98.95453501482385,43.46472824725282,37.18757694201579
crop1072,Liver,Rapid HPF,Bile canaliculus,8.0,1054491,1054491,1.0,8.0,11.313708498984761,24.0,40.0,58.787753826796276,8.0,11.313708498984761,24.0,40.0,58.787753826796276,28.736963190210613,20.54472539068
crop1124,Liver,Rapid HPF,Hepatocyte lateral,8.0,542839,542839,1.0,8.0,8.0,8.0,11.313708498984761,17.88854381999832,8.0,8.0,8.0,11.313708498984761,17.88854381999832,11.503828462190983,5.595303098044997
crop1126,Liver,Rapid HPF,Hepatocyte lateral,8.0,843338,843338,1.0,8.0,8.0,11.313708498984761,16.0,40.0,8.0,8.0,11.313708498984761,16.0,40.0,17.03441673724012,14.074433746824612
crop1137,Kidney,Rapid HPF,DCT base,8.0,1325656,1325656,1.0,8.0,8.0,11.313708498984761,17.88854381999832,29.93325909419153,8.0,8.0,11.313708498984761,17.88854381999832,29.93325909419153,15.31423962978979,10.465176952482913
crop1075,Liver,Rapid HPF,Bile canaliculus,8.0,1217817,1217817,1.0,8.0,8.0,16.0,25.298221281347036,37.52332607858744,8.0,8.0,16.0,25.298221281347036,37.52332607858744,19.91427745070167,12.947623186720762
crop1074,Liver,Rapid HPF,Bile canaliculus,8.0,2742593,2733822,0.996801931602684,8.0,16.0,33.94112549695428,68.81860213634101,109.98181667894016,8.0,16.0,33.94112549695428,68.35202996254024,108.81176406988355,47.371660092223436,40.21102740626014
crop1073,Liver,Rapid HPF,Bile canaliculus,8.0,3855452,3740357,0.9701474690905243,8.0,16.0,40.0,100.23971268913334,155.53777676178865,8.0,16.0,39.191835884530846,93.29523031752481,144.0,58.69731560081356,52.23328601646264
crop1134,Kidney,Rapid HPF,Glomerular,8.0,15864004,10393650,0.6551719225486832,17.88854381999832,39.191835884530846,89.44271909999159,343.72081694305336,717.5513918877169,11.313708498984761,25.298221281347036,51.22499389946279,87.63560920082658,131.20975573485381,62.578436014244055,45.753860566123095
crop1136,Kidney,Rapid HPF,DCT base,8.0,2373161,2373161,1.0,8.0,8.0,11.313708498984761,17.88854381999832,27.712812921102035,8.0,8.0,11.313708498984761,17.88854381999832,27.712812921102035,15.508317673413393,9.51062599707914
crop1141,Cortex,Rapid HPF,,8.0,2348394,2348394,1.0,8.0,8.0,11.313708498984761,17.88854381999832,25.298221281347036,8.0,8.0,11.313708498984761,17.88854381999832,25.298221281347036,13.987795712120883,8.488019948300307
crop1028,Kidney,Chemical,PCT brush border,4.0,14332063,11840426,0.8261494524549606,6.928203230275509,18.33030277982336,80.09993757800315,166.18062462272792,252.1269521491108,5.656854249492381,14.422205101855956,53.81449618829484,119.19731540601072,163.65818036383027,70.04128003874911,59.80142058546538
crop1029,Kidney,Chemical,PCT brush border,4.0,26840290,13071529,0.4870114667166413,12.0,62.0966987850401,208.30746506066458,388.1030790911095,567.6336846946277,5.656854249492381,16.0,58.92367945062494,124.70765814495917,168.949696655543,73.61243517967308,61.10297673616659
crop1116,Cortex,Rapid HPF,,8.0,12784323,12784323,1.0,8.0,8.0,11.313708498984761,25.298221281347036,43.08131845707603,8.0,8.0,11.313708498984761,25.298221281347036,43.08131845707603,19.872777387144303,17.454277536947526
crop1071,Liver,Rapid HPF,Hepatocyte lateral,8.0,7583400,7501801,0.9892397869029723,8.0,13.856406460551018,25.298221281347036,51.84592558726288,100.23971268913334,8.0,11.313708498984761,25.298221281347036,51.22499389946279,94.99473669630333,39.8701017436526,38.39296523385438
crop1144,Kidney,Rapid HPF,DCT base,8.0,5863208,5863208,1.0,8.0,8.0,13.856406460551018,19.595917942265423,26.5329983228432,8.0,8.0,13.856406460551018,19.595917942265423,26.5329983228432,16.269406972924042,10.806939542533962
crop1039,Liver,Chemical,Bile canaliculus,4.0,12295008,10555264,0.8584999700691532,5.656854249492381,12.649110640673518,51.22499389946279,137.34627770711518,233.16946626863475,4.0,9.797958971132712,36.0,93.72299611087985,148.43180252223578,57.242345708550694,55.33933575636799
crop1042,Liver,Chemical,Bile canaliculus,4.0,11267857,11267857,1.0,5.656854249492381,8.94427190999916,18.33030277982336,42.708313008125245,73.10266752998827,5.656854249492381,8.94427190999916,18.33030277982336,42.708313008125245,73.10266752998827,29.933809968933485,28.1993859605185
crop1032,Kidney,Chemical,PCT base,4.0,19408691,19404011,0.9997588709099444,5.656854249492381,14.422205101855956,41.376321731154405,76.4198926981712,107.70329614269008,5.656854249492381,14.422205101855956,41.376321731154405,76.4198926981712,107.70329614269008,49.47666102365639,39.19824387012472
crop1030,Kidney,Chemical,DCT base,4.0,15596505,15596505,1.0,4.0,8.0,23.664319132398465,44.0,58.240879114244144,4.0,8.0,23.664319132398465,44.0,58.240879114244144,27.740382786779982,20.978542588448047
crop1034,Cortex,Chemical,,2.0,5578838,5578838,1.0,2.0,2.0,4.47213595499958,7.483314773547883,12.0,2.0,2.0,4.47213595499958,7.483314773547883,12.0,5.761877389376175,4.567028966006588
crop1044,Liver,Chemical,Hepatocyte lateral,4.0,14025534,14007136,0.9986882495882153,8.0,16.492422502470642,35.77708763999664,66.09084656743322,99.43842315724842,8.0,16.492422502470642,35.32704346531139,65.72670690061993,99.03534722511958,45.448279521399286,36.63222694479718
crop1041,Liver,Chemical,Space of Disse,4.0,17191268,16553520,0.9629027946047959,6.928203230275509,14.422205101855956,30.199337741083,59.19459434779497,111.78550889985696,6.928203230275509,14.422205101855956,28.5657137141714,54.405882034941776,92.26050075736637,40.9331190363123,38.2170190530065
crop1040,Liver,Chemical,Bile canaliculus,4.0,14468289,14403234,0.9955036148365574,5.656854249492381,12.0,32.7414110874898,71.88880302244571,109.2520022699813,4.0,12.0,32.49615361854384,70.9929573971954,107.92590050585633,46.00816606775467,41.3556866877203
crop1027,Kidney,Chemical,Glomerular,4.0,47953778,47123116,0.9826778611687279,8.0,18.33030277982336,40.0,70.8801805866774,117.37120600896968,8.0,18.33030277982336,39.395431207184416,68.58571279792899,109.2520022699813,49.886561992389176,41.19007908760667
crop1046,Cortex,Chemical,,2.0,13283138,13280693,0.9998159320485868,2.0,4.0,8.246211251235321,14.560219778561036,25.37715508089904,2.0,4.0,8.246211251235321,14.560219778561036,25.37715508089904,14.42527210120335,22.482723908665726
crop1135,Kidney,Rapid HPF,Glomerular,8.0,3134321,3134145,0.9999438474872229,8.0,16.0,34.87119154832539,65.4828221749796,96.33275663033837,8.0,16.0,34.87119154832539,65.4828221749796,96.33275663033837,44.845718683428295,34.27461374896726
crop1148,Heart,Chemical,Intercalated disc,8.0,1459143,1459143,1.0,8.0,8.0,16.0,22.627416997969522,29.93325909419153,8.0,8.0,16.0,22.627416997969522,29.93325909419153,18.111522535246717,11.808360235066122
crop1031,Kidney,Chemical,PCT lateral,4.0,3612809,3612809,1.0,4.0,4.0,8.0,14.966629547095765,21.540659228538015,4.0,4.0,8.0,14.966629547095765,21.540659228538015,10.692853479329154,6.996687961928733
crop1043,Liver,Chemical,Space of Disse,4.0,17013177,17006336,0.9995978999101697,5.656854249492381,9.797958971132712,21.908902300206645,41.376321731154405,65.60487786742691,5.656854249492381,9.797958971132712,21.908902300206645,41.376321731154405,65.4828221749796,29.652750586947622,25.482484227685134
crop1036,Cortex,Chemical,,2.0,6830094,6830094,1.0,2.0,2.8284271247461903,6.0,10.198039027185569,14.422205101855956,2.0,2.8284271247461903,6.0,10.198039027185569,14.422205101855956,7.370196839922216,5.02067836051834
crop1038,Liver,Chemical,Space of Disse,4.0,35129706,31160459,0.8870116647147573,8.94427190999916,20.396078054371138,48.82622246293481,107.70329614269008,217.18195136797164,8.0,17.88854381999832,40.98780306383839,81.68231142664855,128.31211945876353,55.56530308759695,47.03044073977079
crop1035,Cortex,Chemical,,2.0,5316575,5316575,1.0,2.0,2.8284271247461903,4.0,6.6332495807108,12.0,2.0,2.8284271247461903,4.0,6.6332495807108,12.0,5.746755393489636,4.862069749611824
crop1026,Kidney,Chemical,Glomerular,4.0,38423632,38405274,0.9995222211164213,6.928203230275509,16.0,32.49615361854384,59.464274989274024,89.17398723843182,6.928203230275509,16.0,32.49615361854384,59.19459434779497,88.90444308357148,41.385136651961865,32.65808759629431
crop1045,Cortex,Chemical,,2.0,13863020,13856421,0.9995239853942359,2.0,4.0,9.16515138991168,37.57658845611187,103.32473082471591,2.0,4.0,9.16515138991168,37.36308338453881,103.09219175087898,30.432656890934847,43.49444952885333
crop1037,Cortex,Chemical,,2.0,64698755,51435441,0.7949989300412349,8.246211251235321,24.73863375370596,92.0,176.02272580550502,279.1128803907122,6.324555320336759,18.33030277982336,62.51399843235114,120.0,161.20794025109308,72.95607819320199,58.29328703328166
crop1033,Cortex,Chemical,,2.0,5986777,5986777,1.0,2.0,2.0,2.8284271247461903,6.0,9.16515138991168,2.0,2.0,2.8284271247461903,6.0,9.16515138991168,4.551831648764386,3.418511087008957
crop1138,Kidney,Rapid HPF,PCT lateral,8.0,2160509,2160509,1.0,8.0,8.0,13.856406460551018,22.627416997969522,29.93325909419153,8.0,8.0,13.856406460551018,22.627416997969522,29.93325909419153,16.637834386727853,9.473566989515977
crop1149,Heart,Rapid HPF,Cardiac interstitial,8.0,1708999,1708999,1.0,8.0,16.0,29.93325909419153,51.22499389946279,72.0,8.0,16.0,29.93325909419153,51.22499389946279,72.0,36.649709584316696,26.013191004166554
crop1150,Heart,Rapid HPF,Cardiac interstitial,8.0,3082541,2775539,0.900406190866561,11.313708498984761,19.595917942265423,48.662100242385755,125.98412598418898,199.35897271003378,8.0,17.88854381999832,40.792156108742276,97.65244492586962,151.7893276880822,62.135812030808445,53.66112835730033
crop1151,Heart,Rapid HPF,Intercalated disc,8.0,684488,684488,1.0,8.0,8.0,8.0,11.313708498984761,16.0,8.0,8.0,8.0,11.313708498984761,16.0,10.83932573153571,3.8432397733536106
crop1152,Heart,Rapid HPF,Intercalated disc,8.0,1616537,1616453,0.999948037069365,8.0,19.595917942265423,43.08131845707603,70.19971509913698,94.31860898041276,8.0,19.595917942265423,43.08131845707603,70.19971509913698,94.31860898041276,47.85810159376364,32.17344259903857
crop1118,Liver,Chemical,Hepatocyte lateral,8.0,231677,231640,0.9998402948933213,8.0,8.0,16.0,41.569219381653056,75.47184905645283,8.0,8.0,16.0,41.569219381653056,75.47184905645283,30.232722731761807,30.657375193275268
crop1119,Liver,Chemical,Hepatocyte lateral,8.0,345174,345173,0.9999971029104162,8.0,8.0,17.88854381999832,39.191835884530846,68.81860213634101,8.0,8.0,17.88854381999832,39.191835884530846,68.81860213634101,29.812982471441114,29.780549290369017
crop1120,Liver,Chemical,Hepatocyte lateral,8.0,282388,282388,1.0,8.0,8.0,11.313708498984761,22.627416997969522,32.984845004941285,8.0,8.0,11.313708498984761,22.627416997969522,32.984845004941285,17.24079766656921,12.639195874421857
crop1121,Liver,Chemical,Hepatocyte lateral,8.0,121600,121600,1.0,8.0,8.0,8.0,11.313708498984761,13.856406460551018,8.0,8.0,8.0,11.313708498984761,13.856406460551018,11.1071295433919,7.536618649947196
crop1122,Liver,Chemical,Hepatocyte lateral,8.0,391854,391854,1.0,8.0,8.0,16.0,32.0,53.0659966456864,8.0,8.0,16.0,32.0,53.0659966456864,23.072806892478624,19.98049802327246
