crop,tissue,prep,region_group,voxel_nm,n_cells_considered,n_cells_included,total_ecs_surface_nm2,curvature_abs_median_per_nm,curvature_abs_p25_per_nm,curvature_abs_p75_per_nm,curvature_signed_median_per_nm,curvature_signed_p10_per_nm,curvature_signed_p90_per_nm,curvature_std_per_nm,curvature_iqr_per_nm,fraction_convex,fraction_concave,fraction_flat,roughness_rms_nm_p30,roughness_rms_nm_p60,roughness_rms_nm_p120,protrusion_density_per_um2,indentation_density_per_um2,protrusion_count,indentation_count
crop1026,Kidney,Chemical,Glomerular,4.0,48,29,35397721.21831728,0.004027297392933371,0.001922178696601864,0.006828015364208728,0.0023086952291723464,-0.005442731704390849,0.008696596287969944,0.006759882257989655,0.004905836667606864,0.5246172143712456,0.2156695382566028,0.2597132473721517,1.2131537450041598,4.167014987554677,12.904266766183651,15.904978643333234,5.678331629325009,563,201
crop1027,Kidney,Chemical,Glomerular,4.0,27,17,37719301.23955317,0.0036884239467659986,0.0016965563949764304,0.006498976341790653,0.001972261293090292,-0.005089983838641178,0.008385590485616783,0.006571868182048163,0.004802419946814223,0.4976851073421063,0.2107254282560976,0.2915894644017972,1.143438241210116,3.850599405518656,11.83183097991555,14.687440694661257,6.230232063619847,554,235
crop1028,Kidney,Chemical,PCT brush border,4.0,104,62,10407370.735976744,0.0068745963425953655,0.004443195784497747,0.009560258538243643,0.006790562954084996,0.00146320739065768,0.012397580035595381,0.005039979448435623,0.005117062753745896,0.8799646264364835,0.033020799769119535,0.08701457379439644,1.6411901814619212,6.115077405858212,20.685137088962307,26.2314091546945,0.6726002347357564,273,7
crop1029,Kidney,Chemical,PCT brush border,4.0,97,62,10120880.045056138,0.006518143180002541,0.004177132795803878,0.009248842251827849,0.006492368691206534,0.0018450147789195962,0.01220132206443013,0.004556809155220095,0.005071709456023971,0.8929059799339149,0.01860488108461662,0.0884891389814686,1.4979031318140092,5.634465153433731,19.37503110562094,25.195437438719843,0.09880563701458762,255,1
crop1030,Kidney,Chemical,DCT base,4.0,28,22,36355966.31866841,0.002511541761415069,0.0011295863841795063,0.004699234750103691,0.0006587496463170294,-0.004159861581260916,0.006610802993515782,0.007624471501796895,0.003569648365924185,0.35758584583608444,0.2264722288063982,0.4159419253575185,0.9220040173747306,2.9211860973937296,8.803262707270727,13.725395045923143,3.3006962034284113,499,120
crop1031,Kidney,Chemical,PCT lateral,4.0,2,2,17320762.310187124,0.0013656885829490205,0.000600449360982091,0.002626282004116771,5.552452703304273e-05,-0.0029293286720995892,0.0031807932018265276,0.004017876890570399,0.00202583264313468,0.18421505640242858,0.16697577902357125,0.648809164574,0.5766955527271832,1.8521081007805897,5.396653199687817,7.159038255901127,2.9444431536367537,124,51
crop1032,Kidney,Chemical,DCT base,4.0,25,23,31160895.34646161,0.002787818225591298,0.0012386750938805666,0.005207378956363485,0.0010253062500905415,-0.00417008754934192,0.007254307108356518,0.005205525654885059,0.003968703862482919,0.40587883788126355,0.2120715820395696,0.38204958007916684,0.9013207735175264,3.0629571026291305,9.416149157918612,14.216536305344118,4.492810570537644,443,140
crop1134,Kidney,Rapid HPF,Glomerular,8.0,32,24,48445932.28805434,0.004586292140894116,0.0020647277517003254,0.008438368763879735,0.003377625258923629,-0.003754673325820409,0.012602975625704692,0.00731267401058861,0.00637364101217941,0.5957951372305219,0.16161935563209184,0.24258550713738575,1.459739285435694,4.735103906134831,13.869135792756568,12.818413655610968,3.4265002686496304,621,166
crop1136,Kidney,Rapid HPF,DCT base,8.0,19,17,61573862.86895019,0.002685766164649467,0.0011477441423790582,0.005170024359018026,0.0006479349788676733,-0.004560049946754756,0.0074306573587749345,0.01133787335513176,0.004022280216638968,0.3690043382310937,0.2333852483777823,0.39761041339112446,1.0368432612099885,3.14811190087944,9.251492330648583,9.630709726009925,3.978961016648283,593,245
crop1137,Kidney,Rapid HPF,DCT base,8.0,31,24,39668585.539378196,0.004046677661626255,0.0018228094316424868,0.007606309246829358,0.001450097863795334,-0.005972850120907038,0.01102573517239996,0.007431462643795908,0.00578349981518687,0.46198729340360345,0.265043197761026,0.27296950883537063,1.3452252174517862,4.352373249931922,12.396482349232675,13.864875505934695,5.243443827698939,550,208
crop1144,Kidney,Rapid HPF,DCT base,8.0,31,20,130557803.92538492,0.0026762945979765754,0.001186221099044123,0.005176807680217616,0.00046748797345034506,-0.004635207725064894,0.007677810042044561,0.005973287005994619,0.003990586581173493,0.35206455355555594,0.2510727955643457,0.3968626508800988,0.9725121445255687,3.144696159521234,9.326793549414909,9.528346545342922,4.779492157792591,1244,624
crop1145,Heart,Chemical,Cardiac interstitial,8.0,3,3,12071788.839198925,0.0026989449516580527,0.0011443960529913576,0.007120041633945189,0.0006009322504012902,-0.012560613655076039,0.008543326759173821,0.012476111056745632,0.005975645580953831,0.3520388939313675,0.24344557405441522,0.40451553201421736,1.8956682477067666,5.091615750509807,10.954480598404723,12.508502427550766,9.360667379557858,151,113
crop1146,Heart,Chemical,Cardiac interstitial,8.0,5,5,19254884.072786074,0.002761035547540915,0.0011866258031975458,0.0063899727156867285,0.0008993028087794587,-0.0070344845107769925,0.008553169896372947,0.010243313099306938,0.0052033469124891825,0.38334194607181143,0.22376069458773776,0.3928973593404509,1.5478098855790583,4.640795307490886,11.21216245807704,9.815691399935433,5.8686408899084865,189,113
crop1147,Heart,Chemical,Intercalated disc,8.0,3,3,12378508.196983542,0.0023031445786841263,0.0010246163325624866,0.004526890793737026,0.00040236906006266087,-0.00451540269068592,0.0061758617728338355,0.00703231460954864,0.0035022744611745396,0.3174888834883657,0.23393714986700606,0.44857396664462795,1.0296762473047074,3.2258531773503694,9.246250623259733,10.582858444277052,4.927895916800765,131,61
crop1038,Liver,Chemical,Space of Disse,4.0,61,16,21672293.024475962,0.004249668415670566,0.0019203648523716432,0.007572192943601587,0.002330880021091935,-0.005315626195459442,0.010063235653402523,0.008706269391963667,0.005651828091229943,0.5229235323888528,0.2174385376423498,0.25963792996879825,1.2998779919903256,4.448848983770446,14.112516369417925,15.088389568685562,4.614186412442068,327,100
crop1039,Liver,Chemical,Bile canaliculus,4.0,19,5,14532314.773801342,0.004828340679747288,0.0019381232236296566,0.009470171260547994,0.0009379333446189647,-0.015022020010705366,0.009818914735382933,0.015610769315718684,0.007532048036918338,0.43254249027366104,0.3107984714806756,0.2566590382456637,1.795529035735741,5.19944317338091,13.365685986122516,13.762432421334367,8.876768911760667,200,129
crop1040,Liver,Chemical,Bile canaliculus,4.0,27,11,16598017.344019562,0.006437036509197819,0.0031902347054140797,0.01076697052262023,0.002928218638679627,-0.01803956615348605,0.010834760881060777,0.017070906020782994,0.007576735817206151,0.5429858121650083,0.2971211220306309,0.15989306580436033,1.976894680185405,5.787742681308152,15.346743674472744,13.796828576186002,8.073253402659057,229,134
crop1041,Liver,Chemical,Space of Disse,4.0,50,9,15032154.591792215,0.00402176855453913,0.00179057288239278,0.00760589510443014,0.002126828728514713,-0.0050875071891563805,0.010455347475690465,0.010408010658657057,0.00581532222203736,0.509397349112533,0.21364916807928036,0.2769534828081862,1.2909834907626134,4.205686482041309,12.621569553774881,14.635293873316293,4.590160351176474,220,69
crop1042,Liver,Chemical,Bile canaliculus,4.0,24,15,14368894.186761413,0.005643083355773396,0.0025239445180575758,0.009815457624694789,0.003195037283387649,-0.007367430730017474,0.012495111641089037,0.01303319919433496,0.007291513106637212,0.5629728004664959,0.23486600736846003,0.20216119216504397,1.565734758311936,5.2195124205281545,15.903501270584252,16.145988479318756,6.263530013528827,232,90
crop1043,Liver,Chemical,Space of Disse,4.0,81,16,22107461.470103115,0.004884248063548116,0.0023109158111406305,0.00831700286966603,0.0030742265695447523,-0.005674349675072395,0.01088920485960121,0.009579968536923687,0.0060060870585254,0.569011801920318,0.21353823694225454,0.21744996113742687,1.3740051046880095,4.769859965105417,15.084295078386026,16.46502926137644,5.473265221501509,364,121
crop1044,Liver,Chemical,Hepatocyte lateral,4.0,41,4,10527022.155487645,0.005019581974109477,0.0023605992243875148,0.008620981146980499,0.0020998940018377836,-0.00792819677883426,0.010596868308462454,0.012597957033859679,0.0062603819225929835,0.5057648622111858,0.2808259884308289,0.21340914935798527,1.369473124493634,4.5400661505020885,13.73165222093001,14.629018323070703,6.934534659637412,154,73
crop1071,Liver,Rapid HPF,Hepatocyte lateral,8.0,108,87,86568476.58570372,0.004867622227762956,0.002211237824780561,0.008871739576948375,0.003054076225076918,-0.005364991295043043,0.012342516885664945,0.009686080311475734,0.006660501752167813,0.56760201365042,0.20496355260383506,0.2274344337457447,1.5317668894987315,5.057544030631897,14.998231716915157,12.487224479800085,3.8466658203269457,1081,333
crop1072,Liver,Rapid HPF,Bile canaliculus,8.0,20,4,13577428.402584119,0.0040658940720775805,0.0013680768178250344,0.011323663294515337,0.001029994366645308,-0.0074712462534986925,0.01537092584140749,0.012372307677779807,0.009955586476690302,0.42919287745923834,0.23199993872829522,0.3388071838124663,1.6499453772984665,5.115604585144012,13.56650981550055,12.226173843671761,4.713705578283088,166,64
crop1073,Liver,Rapid HPF,Bile canaliculus,8.0,32,16,36027551.42472464,0.0037586011375671164,0.0015532320150051994,0.00838097183941374,0.0014226439120868966,-0.005181855331837457,0.012629456690830012,0.011567863591935422,0.006827739824408542,0.4580868137391087,0.22998168935595503,0.3119314969049368,1.4210219209042616,4.595843267017823,13.193797286227145,10.686266059585328,4.524315240811451,385,163
crop1074,Liver,Rapid HPF,Bile canaliculus,8.0,44,21,23703943.208718464,0.006181994521531078,0.0022289459350053856,0.011748052601669664,0.0030746992963313546,-0.007510426051268503,0.015177360662222195,0.013468990202387747,0.009519106666664279,0.5488625677325558,0.22207922093357674,0.22905821133386717,1.8212219861048773,5.738678270878568,15.996318715336562,13.162367005893111,4.640578111052059,312,110
crop1075,Liver,Rapid HPF,Bile canaliculus,8.0,55,29,19847094.926717244,0.0048963592409910755,0.001851642886018948,0.011243974933507,0.002143499386361672,-0.005877828714826463,0.01512507985028018,0.011941549998369655,0.009392332047488051,0.5084877065161436,0.2242621978497583,0.2672500956340982,1.7521787109694096,5.515381191393411,15.209428103610694,13.654391285003243,5.340832015536324,271,106
crop1123,Liver,Rapid HPF,Hepatocyte lateral,8.0,3,2,5656620.5620381925,0.0023525629376739544,0.0010515253087711503,0.004307625343309536,0.00040498843970353384,-0.004160476126967426,0.005733628802189619,0.004936467766311588,0.0032561000345383857,0.3228213531601338,0.23762634978960662,0.43955229705025944,0.7288260513067114,2.2063813303241853,5.895082503603333,9.192767913226156,1.59105598498145,52,9
crop1124,Liver,Rapid HPF,Hepatocyte lateral,8.0,10,5,20439132.2018798,0.0019223985342364056,0.0008720435296046471,0.003563771141862835,0.00023056548866907516,-0.0035737415415279163,0.004697362899183675,0.0044352702156715005,0.0026917276122581883,0.27267269896059426,0.21191503213034135,0.5154122689090642,0.7224379880225753,2.2230399565076984,6.374016590830941,8.562007343144693,3.4737286935044183,175,71
crop1125,Liver,Rapid HPF,Hepatocyte lateral,8.0,3,3,12324076.963688234,0.002465187334637329,0.0011387862198890383,0.004407940771423156,0.0004687852287834353,-0.004147132736268167,0.005979426328710759,0.004979633464328957,0.0032691545515341177,0.33913334429418523,0.24225502666182772,0.41861162904398685,0.7830195261769826,2.343457238851487,6.363938273722665,10.548457331371194,1.7039815689138085,130,21
crop1126,Liver,Rapid HPF,Hepatocyte lateral,8.0,2,2,26281101.80010713,0.002103544172839066,0.0009405154902000016,0.0037213288123938556,0.00010561902814368936,-0.003927919736762268,0.004508544963542708,0.0042571801411743215,0.002780813322193854,0.27662636978583927,0.24314879239490705,0.48022483781925374,0.6572863977651557,1.993095966443141,5.393847561684214,9.055936916580485,5.707523266752407,238,150
crop1127,Liver,Rapid HPF,Hepatocyte lateral,8.0,8,7,14362420.897258203,0.001999833445805823,0.0008838711956005141,0.0038630276944389666,0.0004501455705358181,-0.0033932961574018204,0.005858257192935531,0.004964723038202045,0.0029791564988384525,0.3076404271817636,0.19233473454596758,0.5000248382722688,0.8071831344191764,2.6371446353750048,7.748494932256439,9.538781865538656,2.3672889301336815,137,34
crop1116,Cortex,Rapid HPF,,8.0,234,208,354933430.1624409,0.0030462675045500754,0.001354858588522247,0.00591129680299362,0.002002159809777697,-0.0028980396459518,0.009969123886983915,0.00698140991757298,0.004556438214471373,0.5002062907833585,0.14491018102081463,0.3548835281958271,1.16344421711466,3.840550063894197,11.609876825563555,13.08977854769466,2.2060474823170293,4646,783
crop1033,Cortex,Chemical,,2.0,22,17,6465134.505579656,0.0032019485245921193,0.0015559462536317767,0.005339516909448007,0.0015325238343179975,-0.004654154065123977,0.00674041564639021,0.005041610355777836,0.0037835706558162303,0.45497739129244863,0.22446514450780655,0.32055746419974435,0.8985978041386932,3.407033961829558,6.842417548833199,35.420763450839935,2.3201373439414805,229,15
crop1034,Cortex,Chemical,,2.0,24,20,4523141.379311062,0.002851800976242118,0.0013414943678654188,0.004928267775114576,0.0018693772806860796,-0.003093516713401339,0.006736912220879168,0.004510811122706214,0.003586773407249157,0.485192796866476,0.1508191540470176,0.36398804908650695,0.8678753919468153,3.2962847111495575,6.688304033454787,37.584498414660075,0.6632558543763543,170,3
crop1035,Cortex,Chemical,,2.0,20,9,3616722.59707254,0.00285325277037872,0.001328817572488051,0.004977312740041768,0.00031229909309104885,-0.005392522090380159,0.005739679680300081,0.004949628078421571,0.0036484951675537164,0.3405825838119707,0.2938007308882956,0.36561668529973357,0.7886800276727263,2.8221541447134366,5.84210385760247,30.414276198300797,2.2119473598764214,110,8
crop1036,Cortex,Chemical,,2.0,14,10,3126614.250253634,0.002604981464707368,0.001241109017922702,0.0045260146623215475,0.0014712594303068448,-0.0032320871707236048,0.006188149172242025,0.004229882923130965,0.0032849056443988453,0.43894604844240204,0.16594786375112022,0.39510608780647744,0.7781002584370298,2.9772843548487384,6.147436724296383,35.181826472861715,0.31983478611692473,110,1
