crop,tissue,prep,region_group,voxel_nm,n_cells_total,n_cells_passing,total_cell_volume_nm3,total_ecs_facing_sa_nm2,total_cell_cell_sa_nm2,total_outer_sa_nm2,cell_density_per_um3,sa_v_ecs_per_nm
crop1026,Kidney,Chemical,Glomerular,4.0,48,30,4441759744.0,62146464.0,0.0,14962080.0,4.340277777777778,0.01399140601513813
crop1027,Kidney,Chemical,Glomerular,4.0,27,19,3833761280.0,65070096.0,0.0,11442192.0,2.7488425925925926,0.01697291282570416
crop1028,Kidney,Chemical,PCT brush border,4.0,104,64,580864832.0,21311360.0,0.0,2747456.0,41.666666666666664,0.03668901752344339
crop1029,Kidney,Chemical,PCT brush border,4.0,97,70,563111616.0,23330272.0,0.0,2367200.0,30.381944444444446,0.04143099047702827
crop1030,Kidney,Chemical,DCT base,4.0,28,22,4114907328.0,69680880.0,0.0,14834096.0,4.296875,0.016933766533660317
crop1031,Kidney,Chemical,PCT lateral,4.0,2,2,15819980224.0,23813008.0,0.0,41328720.0,0.12460127591706538,0.0015052489107334045
crop1032,Kidney,Chemical,DCT base,4.0,25,23,2850879808.0,53773872.0,0.0,11270608.0,5.615234375,0.018862202415234196
crop1134,Kidney,Rapid HPF,Glomerular,8.0,32,23,4413551616.0,78726720.0,0.0,13320640.0,1.8335459183673468,0.01783749842521384
crop1136,Kidney,Rapid HPF,DCT base,8.0,19,17,12299619328.0,93666752.0,0.0,32307392.0,1.257694128787879,0.0076154187785932755
crop1137,Kidney,Rapid HPF,DCT base,8.0,31,22,3918003712.0,63887168.0,0.0,14445248.0,4.774305555555556,0.016306050911674072
crop1144,Kidney,Rapid HPF,DCT base,8.0,31,19,24633717760.0,203330176.0,0.0,56523776.0,0.6872106481481481,0.008254140847962691
crop1145,Heart,Chemical,Cardiac interstitial,8.0,3,3,2807911936.0,20734208.0,0.0,10165504.0,0.732421875,0.007384208790228954
crop1146,Heart,Chemical,Cardiac interstitial,8.0,5,5,4083584512.0,31871168.0,0.0,15285440.0,0.9765625,0.007804703908133541
crop1147,Heart,Chemical,Intercalated disc,8.0,3,3,3633807872.0,19823680.0,0.0,14001216.0,0.732421875,0.005455346209344114
crop1038,Liver,Chemical,Space of Disse,4.0,61,17,1828481728.0,41059936.0,0.0,7135520.0,4.150390625,0.02245575406701576
crop1039,Liver,Chemical,Bile canaliculus,4.0,19,6,3296470720.0,33150480.0,0.0,12864720.0,1.46484375,0.010056355058418356
crop1040,Liver,Chemical,Bile canaliculus,4.0,27,14,3154737216.0,39517360.0,0.0,13921712.0,3.41796875,0.012526355539085257
crop1041,Liver,Chemical,Space of Disse,4.0,50,11,2979372032.0,28694960.0,0.0,10953840.0,2.685546875,0.009631210769182651
crop1042,Liver,Chemical,Bile canaliculus,4.0,24,15,3365196928.0,29786016.0,0.0,13751072.0,3.662109375,0.008851195528013984
crop1043,Liver,Chemical,Space of Disse,4.0,81,16,2983505152.0,43363120.0,0.0,11968304.0,3.90625,0.014534286951350303
crop1044,Liver,Chemical,Hepatocyte lateral,4.0,41,4,3176782208.0,19982736.0,0.0,12454512.0,0.9765625,0.006290244244530848
crop1071,Liver,Rapid HPF,Hepatocyte lateral,8.0,108,82,9908293632.0,137044608.0,0.0,27005312.0,5.931712962962963,0.013831302653102479
crop1072,Liver,Rapid HPF,Bile canaliculus,8.0,20,2,13267601408.0,24170752.0,0.0,32886784.0,0.14467592592592593,0.0018217876205887298
crop1073,Liver,Rapid HPF,Bile canaliculus,8.0,32,12,11828644352.0,56303616.0,0.0,31032704.0,0.8680555555555556,0.004759938191097961
crop1074,Liver,Rapid HPF,Bile canaliculus,8.0,44,15,12388753920.0,41370880.0,0.0,31546752.0,1.0850694444444444,0.003339389923082757
crop1075,Liver,Rapid HPF,Bile canaliculus,8.0,55,12,13150521856.0,32301824.0,0.0,33267712.0,0.8680555555555556,0.0024563149929492808
crop1123,Liver,Rapid HPF,Hepatocyte lateral,8.0,3,2,3990404608.0,8396032.0,0.0,14907776.0,0.48828125,0.002104055308869571
crop1124,Liver,Rapid HPF,Hepatocyte lateral,8.0,10,5,14055607296.0,30218432.0,0.0,38200384.0,0.3487723214285714,0.002149920054226307
crop1125,Liver,Rapid HPF,Hepatocyte lateral,8.0,3,3,4958079488.0,18373632.0,0.0,17505664.0,0.5859375,0.0037057961746013862
crop1126,Liver,Rapid HPF,Hepatocyte lateral,8.0,2,2,20048210944.0,33500480.0,0.0,48042560.0,0.09765625,0.0016709959853064085
crop1127,Liver,Rapid HPF,Hepatocyte lateral,8.0,8,7,6634551296.0,19585088.0,0.0,23398848.0,1.0127314814814814,0.002951983808130014
crop1116,Cortex,Rapid HPF,,8.0,234,201,26186141184.0,599361344.0,0.0,49891904.0,6.134033203125,0.022888494329443846
crop1033,Cortex,Chemical,,2.0,22,18,947692952.0,17230612.0,0.0,5529772.0,18.0,0.018181639911573386
crop1034,Cortex,Chemical,,2.0,24,20,463391888.0,11858352.0,0.0,3432608.0,39.0625,0.025590331438861958
crop1035,Cortex,Chemical,,2.0,20,11,948684432.0,8144436.0,0.0,5396428.0,11.0,0.008584979077637061
crop1036,Cortex,Chemical,,2.0,14,12,455464272.0,8246952.0,0.0,3323184.0,23.4375,0.018106693558611334
crop1037,Cortex,Chemical,,2.0,16,9,1012170560.0,9633612.0,0.0,4981012.0,5.859375,0.009517775344108012
crop1045,Cortex,Chemical,,2.0,24,19,655518672.0,15167548.0,0.0,4046516.0,24.739583333333332,0.023138239455061625
crop1046,Cortex,Chemical,,2.0,17,12,531693920.0,12151108.0,0.0,3626172.0,18.75,0.02285357711068052
crop1139,Cortex,Rapid HPF,,8.0,69,47,4253536768.0,82177152.0,0.0,16989952.0,3.399884259259259,0.0193197229698897
crop1141,Cortex,Rapid HPF,,8.0,119,78,11303504896.0,114850816.0,0.0,29425152.0,6.218112244897959,0.010160637524087112
